Carrier Code,Date (MM/DD/YYYY),Flight Number,Tail Number,Destination Airport,Scheduled departure time,Actual departure time,Scheduled elapsed time (Minutes),Actual elapsed time (Minutes),Departure delay (Minutes),Wheels-off time,Taxi-Out time (Minutes),Delay Carrier (Minutes),Delay Weather (Minutes),Delay National Aviation System (Minutes),Delay Security (Minutes),Delay Late Aircraft Arrival (Minutes)
UA,1/1/22,1643,N875UA,DEN,8:00,8:02,261,334,2,8:12,10,0,0,75,0,0
UA,1/1/22,1979,N892UA,DEN,15:50,16:30,260,266,40,16:41,11,15,0,6,0,25
UA,1/1/22,2234,N37287,ORD,6:45,6:36,139,149,-9,6:53,17,0,0,0,0,0
UA,1/2/22,1643,N848UA,DEN,8:00,9:00,261,260,60,9:17,17,0,59,0,0,0
UA,1/2/22,1979,N836UA,DEN,15:50,16:42,260,251,52,16:52,10,36,0,0,0,7
UA,1/2/22,2234,N14214,ORD,6:45,7:45,139,130,60,8:08,23,51,0,0,0,0
UA,1/3/22,1643,N852UA,DEN,8:00,8:59,261,285,59,10:05,66,0,59,24,0,0
UA,1/3/22,1979,N820UA,DEN,15:50,20:04,260,246,254,20:31,27,154,0,0,0,86
UA,1/3/22,2234,N73256,ORD,6:45,10:06,139,151,201,10:55,49,201,0,12,0,0
UA,1/4/22,1643,N875UA,DEN,8:00,8:39,261,312,39,9:46,67,0,39,51,0,0
UA,1/4/22,1979,N899UA,DEN,15:50,15:59,260,303,9,16:13,14,9,0,43,0,0
UA,1/4/22,2234,N17245,ORD,6:45,10:08,139,137,203,10:44,36,201,0,0,0,0
UA,1/5/22,1643,N409UA,DEN,8:00,8:03,261,252,3,8:16,13,0,0,0,0,0
UA,1/5/22,1979,N818UA,DEN,15:50,16:30,260,297,40,16:42,12,14,0,37,0,26
UA,1/5/22,2234,N489UA,ORD,6:45,6:43,139,143,-2,7:02,19,0,0,0,0,0
UA,1/6/22,1643,N847UA,DEN,8:00,9:03,261,245,63,9:23,20,47,0,0,0,0
UA,1/6/22,1979,N821UA,DEN,15:50,16:47,260,245,57,16:57,10,18,0,0,0,24
UA,1/6/22,2234,N489UA,ORD,6:45,6:53,139,125,8,7:05,12,0,0,0,0,0
UA,1/7/22,1643,N463UA,DEN,8:00,7:59,261,263,-1,8:11,12,0,0,0,0,0
UA,1/7/22,1979,N839UA,DEN,15:50,15:49,260,266,-1,16:01,12,0,0,0,0,0
UA,1/7/22,2234,N4901U,ORD,6:45,6:39,139,123,-6,6:51,12,0,0,0,0,0
UA,1/8/22,1643,N895UA,DEN,8:00,8:06,261,248,6,8:25,19,0,0,0,0,0
UA,1/8/22,1979,N457UA,DEN,15:50,16:51,260,238,61,17:03,12,36,0,0,0,3
UA,1/8/22,2234,,ORD,6:45,0:00,139,0,0,0:00,0,0,0,0,0,0
UA,1/9/22,1643,N836UA,DEN,8:00,8:03,261,281,3,8:14,11,0,0,23,0,0
UA,1/9/22,1979,N826UA,DEN,15:50,15:51,260,250,1,16:02,11,0,0,0,0,0
UA,1/9/22,2234,N875UA,ORD,6:45,7:04,139,119,19,7:17,13,0,0,0,0,0
UA,1/10/22,1643,N818UA,DEN,8:00,7:50,261,253,-10,8:05,15,0,0,0,0,0
UA,1/10/22,1979,N895UA,DEN,15:50,15:39,260,255,-11,15:55,16,0,0,0,0,0
UA,1/10/22,2234,N455UA,ORD,6:45,6:44,139,127,-1,6:59,15,0,0,0,0,0
UA,1/11/22,1643,N894UA,DEN,8:00,8:20,261,238,20,8:43,23,0,0,0,0,0
UA,1/11/22,1979,N831UA,DEN,15:50,15:49,260,243,-1,16:00,11,0,0,0,0,0
UA,1/11/22,2234,N462UA,ORD,6:45,6:41,139,125,-4,6:53,12,0,0,0,0,0
UA,1/12/22,1643,N830UA,DEN,8:00,7:57,261,238,-3,8:09,12,0,0,0,0,0
UA,1/12/22,1979,N831UA,DEN,15:50,15:43,260,233,-7,15:54,11,0,0,0,0,0
UA,1/12/22,2234,N415UA,ORD,6:45,6:43,139,154,-2,7:27,44,0,0,0,0,0
UA,1/13/22,1643,N890UA,DEN,8:00,8:09,261,233,9,8:23,14,0,0,0,0,0
UA,1/13/22,1979,N882UA,DEN,15:50,15:43,260,243,-7,15:55,12,0,0,0,0,0
UA,1/13/22,2234,N440UA,ORD,6:45,6:51,139,138,6,7:07,16,0,0,0,0,0
UA,1/14/22,1643,N890UA,DEN,8:00,8:07,261,254,7,8:22,15,0,0,0,0,0
UA,1/14/22,1979,N872UA,DEN,15:50,15:47,260,254,-3,16:03,16,0,0,0,0,0
UA,1/14/22,2234,N820UA,ORD,6:45,6:49,139,129,4,7:02,13,0,0,0,0,0
UA,1/15/22,1643,N873UA,DEN,8:00,8:09,261,225,9,8:23,14,0,0,0,0,0
UA,1/15/22,1979,N872UA,DEN,15:50,16:11,260,229,21,16:24,13,0,0,0,0,0
UA,1/15/22,2234,N815UA,ORD,6:45,6:41,139,145,-4,6:53,12,0,0,0,0,0
UA,1/16/22,1643,N459UA,DEN,8:00,7:53,261,235,-7,8:08,15,0,0,0,0,0
UA,1/16/22,1979,N894UA,DEN,15:50,17:36,260,270,106,18:31,55,66,0,10,0,40
UA,1/16/22,2234,N410UA,ORD,6:45,6:39,139,121,-6,6:52,13,0,0,0,0,0
UA,1/17/22,1643,N851UA,DEN,8:00,8:00,261,229,0,8:11,11,0,0,0,0,0
UA,1/17/22,1979,N830UA,DEN,15:50,16:04,260,244,14,16:19,15,0,0,0,0,0
UA,1/17/22,2234,N410UA,ORD,6:45,6:45,139,122,0,7:06,21,0,0,0,0,0
UA,1/18/22,1643,N836UA,DEN,8:00,7:50,261,243,-10,8:04,14,0,0,0,0,0
UA,1/18/22,1979,N876UA,DEN,15:50,15:40,260,251,-10,15:53,13,0,0,0,0,0
UA,1/18/22,2234,N406UA,ORD,6:45,6:34,139,131,-11,6:53,19,0,0,0,0,0
UA,1/19/22,1643,N829UA,DEN,8:00,7:53,261,244,-7,8:05,12,0,0,0,0,0
UA,1/19/22,1979,N808UA,DEN,15:50,16:27,260,241,37,16:39,12,2,0,0,0,16
UA,1/19/22,2234,N460UA,ORD,6:45,7:04,139,124,19,7:19,15,0,0,0,0,0
UA,1/20/22,1643,N874UA,DEN,8:00,7:59,261,327,-1,9:08,69,0,0,65,0,0
UA,1/20/22,1979,N832UA,DEN,15:50,15:59,260,350,9,18:05,126,7,0,90,0,2
UA,1/20/22,2234,N401UA,ORD,6:45,6:46,139,122,1,7:00,14,0,0,0,0,0
UA,1/21/22,1643,N816UA,DEN,8:00,8:13,261,257,13,8:27,14,0,0,0,0,0
UA,1/21/22,1979,N823UA,DEN,15:50,15:37,260,258,-13,15:52,15,0,0,0,0,0
UA,1/21/22,2234,N893UA,ORD,6:45,6:47,139,124,2,7:03,16,0,0,0,0,0
UA,1/22/22,1643,N876UA,DEN,8:00,7:58,261,255,-2,8:31,33,0,0,0,0,0
UA,1/22/22,1979,N879UA,DEN,15:50,16:10,260,238,20,16:23,13,0,0,0,0,0
UA,1/22/22,2234,N460UA,ORD,6:45,6:43,139,153,-2,7:23,40,0,0,0,0,0
UA,1/23/22,1643,N827UA,DEN,8:00,7:56,261,234,-4,8:08,12,0,0,0,0,0
UA,1/23/22,1979,N879UA,DEN,15:50,15:47,260,240,-3,16:00,13,0,0,0,0,0
UA,1/23/22,2234,N483UA,ORD,6:45,6:38,139,140,-7,6:52,14,0,0,0,0,0
UA,1/24/22,1643,N874UA,DEN,8:00,7:54,261,254,-6,8:09,15,0,0,0,0,0
UA,1/24/22,1979,N834UA,DEN,15:50,15:44,260,251,-6,15:57,13,0,0,0,0,0
UA,1/24/22,2234,N443UA,ORD,6:45,6:37,139,152,-8,7:07,30,0,0,0,0,0
UA,1/25/22,1643,N877UA,DEN,8:00,7:53,261,262,-7,8:06,13,0,0,0,0,0
UA,1/25/22,1979,N894UA,DEN,15:50,15:47,260,259,-3,16:12,25,0,0,0,0,0
UA,1/25/22,2234,N443UA,ORD,6:45,6:39,139,122,-6,6:50,11,0,0,0,0,0
UA,1/26/22,1643,N893UA,DEN,8:00,7:54,261,258,-6,8:08,14,0,0,0,0,0
UA,1/26/22,1979,N817UA,DEN,15:50,15:37,260,269,-13,15:50,13,0,0,0,0,0
UA,1/26/22,2234,N443UA,ORD,6:45,6:38,139,123,-7,6:51,13,0,0,0,0,0
UA,1/27/22,1643,N829UA,DEN,8:00,7:55,261,278,-5,8:23,28,0,0,0,0,0
UA,1/27/22,1979,N821UA,DEN,15:50,16:00,260,251,10,16:17,17,0,0,0,0,0
UA,1/27/22,2234,N401UA,ORD,6:45,6:40,139,149,-5,7:23,43,0,0,0,0,0
UA,1/28/22,1643,N848UA,DEN,8:00,8:45,261,222,45,8:55,10,0,0,0,0,0
UA,1/28/22,1979,N819UA,DEN,15:50,16:04,260,231,14,16:26,22,0,0,0,0,0
UA,1/28/22,2234,N830UA,ORD,6:45,6:47,139,151,2,7:17,30,0,0,0,0,0
UA,1/29/22,1643,N838UA,DEN,8:00,7:57,261,274,-3,9:06,69,0,0,0,0,0
UA,1/29/22,1979,N829UA,DEN,15:50,15:48,260,233,-2,16:00,12,0,0,0,0,0
UA,1/29/22,2234,N454UA,ORD,6:45,6:40,139,152,-5,7:23,43,0,0,0,0,0
UA,1/30/22,1643,N838UA,DEN,8:00,7:53,261,244,-7,8:05,12,0,0,0,0,0
UA,1/30/22,1979,N815UA,DEN,15:50,15:42,260,225,-8,15:53,11,0,0,0,0,0
UA,1/30/22,2234,N825UA,ORD,6:45,6:40,139,120,-5,6:57,17,0,0,0,0,0
UA,1/31/22,1643,N838UA,DEN,8:00,7:50,261,230,-10,8:04,14,0,0,0,0,0
UA,1/31/22,1979,N873UA,DEN,15:50,16:02,260,237,12,16:18,16,0,0,0,0,0
UA,1/31/22,2234,N488UA,ORD,6:45,6:45,139,156,0,7:18,33,0,0,17,0,0
UA,2/1/22,1643,N413UA,DEN,8:00,7:51,261,261,-9,8:26,35,0,0,0,0,0
UA,2/1/22,1979,N879UA,DEN,15:50,15:36,260,280,-14,15:49,13,0,0,0,0,0
UA,2/1/22,2234,N425UA,ORD,6:45,6:40,139,150,-5,7:26,46,0,0,0,0,0
UA,2/2/22,1643,N833UA,DEN,8:00,8:02,261,262,2,8:30,28,0,0,0,0,0
UA,2/2/22,1979,N853UA,DEN,15:50,16:26,260,257,36,16:40,14,0,0,0,0,33
UA,2/2/22,2234,N469UA,ORD,6:45,6:41,139,225,-4,8:05,84,0,0,82,0,0
UA,2/3/22,1643,N815UA,DEN,8:00,8:09,261,249,9,8:21,12,0,0,0,0,0
UA,2/3/22,1979,N853UA,DEN,15:50,15:53,260,257,3,16:03,10,0,0,0,0,0
UA,2/3/22,2234,N451UA,ORD,6:45,6:42,139,130,-3,6:53,11,0,0,0,0,0
UA,2/4/22,1643,N897UA,DEN,8:00,8:20,261,246,20,8:38,18,0,0,0,0,0
UA,2/4/22,1979,N894UA,DEN,15:50,16:13,260,246,23,16:30,17,0,0,0,0,0
UA,2/4/22,2234,N895UA,ORD,6:45,6:41,139,127,-4,6:55,14,0,0,0,0,0
UA,2/5/22,1643,N827UA,DEN,8:00,8:28,261,247,28,8:46,18,0,0,0,0,0
UA,2/5/22,1979,N489UA,DEN,15:50,16:04,260,246,14,16:20,16,0,0,0,0,0
UA,2/5/22,2234,N1902U,ORD,6:45,6:46,139,127,1,7:00,14,0,0,0,0,0
UA,2/6/22,1643,N882UA,DEN,8:00,9:04,261,223,64,9:15,11,26,0,0,0,0
UA,2/6/22,1979,N814UA,DEN,15:50,15:50,260,236,0,16:04,14,0,0,0,0,0
UA,2/6/22,2234,N878UA,ORD,6:45,6:44,139,137,-1,7:14,30,0,0,0,0,0
UA,2/7/22,1643,N882UA,DEN,8:00,8:13,261,236,13,8:27,14,0,0,0,0,0
UA,2/7/22,1979,N846UA,DEN,15:50,16:04,260,229,14,16:17,13,0,0,0,0,0
UA,2/7/22,2234,N445UA,ORD,6:45,6:39,139,123,-6,6:50,11,0,0,0,0,0
UA,2/8/22,1643,N836UA,DEN,8:00,8:01,261,255,1,8:26,25,0,0,0,0,0
UA,2/8/22,1979,N827UA,DEN,15:50,15:45,260,253,-5,15:57,12,0,0,0,0,0
UA,2/8/22,2234,N472UA,ORD,6:45,6:36,139,143,-9,7:10,34,0,0,0,0,0
UA,2/9/22,1643,N826UA,DEN,8:00,8:12,261,248,12,8:36,24,0,0,0,0,0
UA,2/9/22,1979,N838UA,DEN,15:50,15:42,260,242,-8,15:56,14,0,0,0,0,0
UA,2/9/22,2234,N472UA,ORD,6:45,6:49,139,133,4,7:17,28,0,0,0,0,0
UA,2/10/22,1643,N820UA,DEN,8:00,7:58,261,223,-2,8:11,13,0,0,0,0,0
UA,2/10/22,1979,N854UA,DEN,15:50,15:52,260,246,2,16:17,25,0,0,0,0,0
UA,2/10/22,2234,N424UA,ORD,6:45,6:37,139,131,-8,6:49,12,0,0,0,0,0
UA,2/11/22,1643,N35260,DEN,8:00,7:55,255,263,-5,8:21,26,0,0,0,0,0
UA,2/11/22,2234,N472UA,ORD,6:45,6:43,135,130,-2,6:56,13,0,0,0,0,0
UA,2/12/22,1643,N69804,DEN,8:00,8:09,255,233,9,8:23,14,0,0,0,0,0
UA,2/12/22,2234,N497UA,ORD,6:45,6:38,135,130,-7,6:51,13,0,0,0,0,0
UA,2/13/22,1643,N76505,DEN,8:00,7:56,255,243,-4,8:10,14,0,0,0,0,0
UA,2/13/22,2234,N33264,ORD,6:45,6:41,135,124,-4,6:55,14,0,0,0,0,0
UA,2/14/22,1643,N18220,DEN,8:00,7:55,255,253,-5,8:21,26,0,0,0,0,0
UA,2/14/22,2234,N470UA,ORD,6:45,6:40,135,146,-5,7:17,37,0,0,0,0,0
UA,2/15/22,1643,N18220,DEN,8:00,7:59,255,256,-1,8:31,32,0,0,0,0,0
UA,2/15/22,2234,N456UA,ORD,6:45,6:44,135,150,-1,7:13,29,0,0,0,0,0
UA,2/16/22,1643,N12221,DEN,8:00,8:01,255,267,1,8:20,19,0,0,0,0,0
UA,2/16/22,2234,N404UA,ORD,6:45,6:38,135,167,-7,7:24,46,0,0,25,0,0
UA,2/17/22,1643,N24224,DEN,8:00,8:09,255,272,9,8:20,11,9,0,17,0,0
UA,2/17/22,2234,N410UA,ORD,6:45,6:51,135,142,6,7:07,16,0,0,0,0,0
UA,2/18/22,1643,N33294,DEN,8:00,8:23,255,258,23,8:40,17,23,0,3,0,0
UA,2/18/22,2234,N486UA,ORD,6:45,6:44,135,142,-1,6:56,12,0,0,0,0,0
UA,2/19/22,1643,N78501,DEN,8:00,8:13,255,262,13,8:24,11,13,0,7,0,0
UA,2/19/22,2234,N828UA,ORD,6:45,9:30,135,125,165,9:42,12,155,0,0,0,0
UA,2/20/22,1643,N76515,DEN,8:00,8:04,255,261,4,8:23,19,0,0,0,0,0
UA,2/20/22,2234,N78501,ORD,6:45,6:44,135,131,-1,7:01,17,0,0,0,0,0
UA,2/21/22,1643,N37293,DEN,8:00,7:56,255,261,-4,8:09,13,0,0,0,0,0
UA,2/21/22,2234,N401UA,ORD,6:45,6:44,135,141,-1,6:55,11,0,0,0,0,0
UA,2/22/22,1643,N37293,DEN,8:00,8:03,255,287,3,8:19,16,0,0,35,0,0
UA,2/22/22,2234,N485UA,ORD,6:45,6:36,135,151,-9,6:48,12,0,0,0,0,0
UA,2/23/22,1643,N37293,DEN,8:00,8:15,255,262,15,8:26,11,15,0,7,0,0
UA,2/23/22,2234,N416UA,ORD,6:45,9:00,135,134,135,9:12,12,134,0,0,0,0
UA,2/24/22,1643,N37293,DEN,8:00,8:09,255,254,9,8:25,16,0,0,0,0,0
UA,2/24/22,2234,N428UA,ORD,6:45,6:48,135,155,3,7:15,27,0,0,23,0,0
UA,2/25/22,1643,N14231,DEN,8:00,7:59,255,257,-1,8:17,18,0,0,0,0,0
UA,2/25/22,2234,N416UA,ORD,6:45,6:44,135,135,-1,6:56,12,0,0,0,0,0
UA,2/26/22,1643,N37273,DEN,8:00,8:11,255,256,11,8:27,16,0,0,0,0,0
UA,2/26/22,2234,N813UA,ORD,6:45,6:40,135,132,-5,6:53,13,0,0,0,0,0
UA,2/27/22,1643,N33264,DEN,8:00,7:57,255,237,-3,8:10,13,0,0,0,0,0
UA,2/27/22,2234,N37273,ORD,6:45,6:37,135,129,-8,6:55,18,0,0,0,0,0
UA,2/28/22,1643,N87513,DEN,8:00,7:55,255,235,-5,8:07,12,0,0,0,0,0
UA,2/28/22,2234,,ORD,6:45,0:00,135,0,0,0:00,0,0,0,0,0,0
UA,3/1/22,1643,N18220,DEN,8:00,8:07,255,233,7,8:20,13,0,0,0,0,0
UA,3/1/22,2234,N460UA,ORD,6:45,6:44,135,148,-1,7:23,39,0,0,0,0,0
UA,3/2/22,1643,N36207,DEN,8:00,8:17,255,246,17,8:26,9,0,0,0,0,0
UA,3/2/22,2234,N494UA,ORD,6:45,6:37,135,137,-8,6:51,14,0,0,0,0,0
UA,3/3/22,1643,N13248,DEN,8:00,7:57,255,246,-3,8:11,14,0,0,0,0,0
UA,3/3/22,2234,N467UA,ORD,6:45,6:38,135,145,-7,6:58,20,0,0,0,0,0
UA,3/4/22,1643,N449UA,DEN,8:00,8:18,255,247,18,8:31,13,0,0,0,0,0
UA,3/4/22,2234,N13248,ORD,6:45,6:48,135,133,3,7:00,12,0,0,0,0,0
UA,3/5/22,1643,N446UA,DEN,8:00,8:08,255,244,8,8:19,11,0,0,0,0,0
UA,3/5/22,2234,N38257,ORD,6:45,6:53,135,135,8,7:06,13,0,0,0,0,0
UA,3/6/22,1643,N854UA,DEN,8:00,7:55,255,301,-5,8:07,12,0,0,41,0,0
UA,3/6/22,2234,N14214,ORD,6:45,6:40,135,135,-5,6:55,15,0,0,0,0,0
UA,3/7/22,1643,N881UA,DEN,8:00,8:07,255,249,7,8:21,14,0,0,0,0,0
UA,3/7/22,2234,N37274,ORD,6:45,6:50,135,147,5,7:19,29,0,0,17,0,0
UA,3/8/22,1643,N875UA,DEN,8:00,7:58,255,261,-2,8:12,14,0,0,0,0,0
UA,3/8/22,2234,N73283,ORD,6:45,6:45,135,133,0,7:04,19,0,0,0,0,0
UA,3/9/22,1643,N875UA,DEN,8:00,8:07,255,254,7,8:20,13,0,0,0,0,0
UA,3/9/22,2234,N17233,ORD,6:45,6:38,135,125,-7,6:58,20,0,0,0,0,0
UA,3/10/22,1643,N812UA,DEN,8:00,8:01,255,263,1,8:18,17,0,0,0,0,0
UA,3/10/22,2234,N26210,ORD,6:45,6:39,135,130,-6,6:56,17,0,0,0,0,0
UA,3/11/22,1643,N835UA,DEN,8:00,7:52,255,255,-8,8:09,17,0,0,0,0,0
UA,3/11/22,2234,N24212,ORD,6:45,6:51,135,146,6,7:22,31,6,0,11,0,0
UA,3/12/22,1643,N818UA,DEN,8:00,8:02,255,246,2,8:17,15,0,0,0,0,0
UA,3/12/22,2234,N37274,ORD,6:45,8:09,135,126,84,8:22,13,75,0,0,0,0
UA,3/13/22,1643,N853UA,DEN,8:00,8:18,255,249,18,8:32,14,0,0,0,0,0
UA,3/13/22,2234,N73283,ORD,6:45,6:54,135,131,9,7:13,19,0,0,0,0,0
UA,3/14/22,1643,N813UA,DEN,8:00,7:58,255,254,-2,8:34,36,0,0,0,0,0
UA,3/14/22,2234,N33266,ORD,6:45,6:59,135,116,14,7:13,14,0,0,0,0,0
UA,3/15/22,1643,N839UA,DEN,8:00,7:56,255,237,-4,8:08,12,0,0,0,0,0
UA,3/15/22,2234,N37255,ORD,6:45,6:38,135,136,-7,6:58,20,0,0,0,0,0
UA,3/16/22,1643,N832UA,DEN,8:00,7:55,255,272,-5,8:07,12,0,0,0,0,0
UA,3/16/22,2234,N78540,ORD,6:45,6:31,135,127,-14,6:51,20,0,0,0,0,0
UA,3/17/22,1643,N817UA,DEN,8:00,7:58,255,299,-2,8:14,16,0,0,42,0,0
UA,3/17/22,2234,N11206,ORD,6:40,6:46,133,125,6,7:03,17,0,0,0,0,0
UA,3/18/22,1643,N877UA,DEN,8:00,7:59,255,248,-1,8:16,17,0,0,0,0,0
UA,3/18/22,2234,N37253,ORD,6:45,6:36,135,138,-9,6:51,15,0,0,0,0,0
UA,3/19/22,1643,N484UA,DEN,8:00,7:49,255,229,-11,8:02,13,0,0,0,0,0
UA,3/19/22,2234,N77258,ORD,6:45,6:38,135,117,-7,6:51,13,0,0,0,0,0
UA,3/20/22,1643,N418UA,DEN,8:00,7:56,255,252,-4,8:17,21,0,0,0,0,0
UA,3/20/22,2234,N35236,ORD,6:45,6:38,135,130,-7,7:00,22,0,0,0,0,0
UA,3/21/22,1643,N851UA,DEN,8:00,7:54,255,251,-6,8:13,19,0,0,0,0,0
UA,3/21/22,2234,N37273,ORD,6:45,6:41,135,136,-4,6:59,18,0,0,0,0,0
UA,3/22/22,1643,N876UA,DEN,8:00,7:59,255,246,-1,8:12,13,0,0,0,0,0
UA,3/22/22,2234,N24212,ORD,6:45,6:41,135,137,-4,6:55,14,0,0,0,0,0
UA,3/23/22,1643,N816UA,DEN,8:00,7:55,255,219,-5,8:07,12,0,0,0,0,0
UA,3/23/22,2234,N25201,ORD,6:45,6:43,135,125,-2,6:59,16,0,0,0,0,0
UA,3/24/22,1643,N816UA,DEN,8:00,8:01,255,245,1,8:14,13,0,0,0,0,0
UA,3/24/22,2234,N33284,ORD,6:45,6:35,135,139,-10,6:49,14,0,0,0,0,0
UA,3/25/22,1643,N878UA,DEN,8:00,7:58,255,223,-2,8:11,13,0,0,0,0,0
UA,3/25/22,2234,N54241,ORD,6:45,6:36,135,130,-9,6:48,12,0,0,0,0,0
UA,3/26/22,580,N850UA,DEN,15:50,16:47,255,238,57,17:09,22,24,0,0,0,16
UA,3/26/22,1643,N876UA,DEN,8:00,7:56,255,247,-4,8:18,22,0,0,0,0,0
UA,3/26/22,2234,N12225,ORD,6:45,6:42,135,149,-3,7:22,40,0,0,0,0,0
UA,3/27/22,1643,N411UA,DEN,8:00,7:58,240,242,-2,8:13,15,0,0,0,0,0
UA,3/28/22,1643,N846UA,DEN,8:00,8:00,240,236,0,8:13,13,0,0,0,0,0
UA,3/28/22,2234,N436UA,ORD,6:35,6:35,135,131,0,6:49,14,0,0,0,0,0
UA,3/29/22,1643,N850UA,DEN,8:00,7:56,240,238,-4,8:12,16,0,0,0,0,0
UA,3/29/22,2234,N410UA,ORD,6:35,7:07,135,131,32,7:22,15,28,0,0,0,0
UA,3/30/22,1643,N877UA,DEN,8:00,7:59,240,269,-1,8:09,10,0,0,28,0,0
UA,3/30/22,2234,N426UA,ORD,6:35,6:52,135,126,17,7:05,13,0,0,0,0,0
UA,3/31/22,1643,N489UA,DEN,8:00,7:57,240,216,-3,8:09,12,0,0,0,0,0
UA,3/31/22,2234,N411UA,ORD,6:35,6:58,135,131,23,7:23,25,19,0,0,0,0
UA,4/1/22,1643,N897UA,DEN,8:00,8:03,240,234,3,8:18,15,0,0,0,0,0
UA,4/1/22,2234,N435UA,ORD,6:35,6:29,135,115,-6,6:43,14,0,0,0,0,0
UA,4/2/22,1643,N446UA,DEN,8:00,7:59,240,234,-1,8:13,14,0,0,0,0,0
UA,4/3/22,1643,N845UA,DEN,8:00,10:08,240,243,128,10:24,16,128,0,3,0,0
UA,4/3/22,2234,N447UA,ORD,6:35,6:48,135,124,13,7:00,12,0,0,0,0,0
UA,4/4/22,1643,N817UA,DEN,8:00,8:21,240,237,21,8:34,13,18,0,0,0,0
UA,4/5/22,1643,N834UA,DEN,8:00,7:56,240,240,-4,8:10,14,0,0,0,0,0
UA,4/6/22,1643,,DEN,8:00,0:00,240,0,0,0:00,0,0,0,0,0,0
UA,4/7/22,1643,N816UA,DEN,8:00,7:58,240,230,-2,8:15,17,0,0,0,0,0
UA,4/8/22,1643,N824UA,DEN,8:00,8:01,240,215,1,8:14,13,0,0,0,0,0
UA,4/9/22,1643,N821UA,DEN,8:00,7:56,240,248,-4,8:16,20,0,0,0,0,0
UA,4/10/22,1643,N483UA,DEN,8:00,7:54,240,237,-6,8:08,14,0,0,0,0,0
UA,4/10/22,2234,N419UA,ORD,6:35,6:32,135,136,-3,6:46,14,0,0,0,0,0
UA,4/11/22,1643,N874UA,DEN,8:00,7:59,240,242,-1,8:11,12,0,0,0,0,0
UA,4/12/22,1643,N821UA,DEN,8:00,7:55,240,245,-5,8:11,16,0,0,0,0,0
UA,4/13/22,1643,N839UA,DEN,8:00,7:52,240,237,-8,8:13,21,0,0,0,0,0
UA,4/14/22,1643,N814UA,DEN,8:00,7:49,240,233,-11,8:02,13,0,0,0,0,0
UA,4/15/22,1643,N882UA,DEN,8:00,8:32,240,254,32,8:47,15,32,0,14,0,0
UA,4/16/22,1643,N826UA,DEN,8:00,7:57,240,258,-3,8:10,13,0,0,15,0,0
UA,4/17/22,1643,N821UA,DEN,8:00,7:55,240,250,-5,8:09,14,0,0,0,0,0
UA,4/17/22,2234,N452UA,ORD,6:35,6:26,135,139,-9,6:40,14,0,0,0,0,0
UA,4/18/22,1643,N882UA,DEN,8:00,7:53,240,232,-7,8:07,14,0,0,0,0,0
UA,4/19/22,1643,N880UA,DEN,8:00,7:52,240,240,-8,8:06,14,0,0,0,0,0
UA,4/20/22,1643,N897UA,DEN,8:00,8:05,240,234,5,8:20,15,0,0,0,0,0
UA,4/21/22,1643,N825UA,DEN,8:00,7:57,240,236,-3,8:09,12,0,0,0,0,0
UA,4/22/22,1643,N871UA,DEN,8:00,7:58,240,239,-2,8:14,16,0,0,0,0,0
UA,4/23/22,1643,N876UA,DEN,8:00,7:46,240,226,-14,7:59,13,0,0,0,0,0
UA,4/24/22,1643,N844UA,DEN,8:00,7:52,240,248,-8,8:03,11,0,0,0,0,0
UA,4/24/22,2234,N494UA,ORD,6:35,6:35,135,120,0,6:48,13,0,0,0,0,0
UA,4/25/22,1643,N808UA,DEN,8:00,7:58,240,231,-2,8:12,14,0,0,0,0,0
UA,4/26/22,1643,N827UA,DEN,8:00,7:55,240,228,-5,8:08,13,0,0,0,0,0
UA,4/27/22,1643,N834UA,DEN,8:00,7:51,240,239,-9,8:10,19,0,0,0,0,0
UA,4/28/22,1643,N849UA,DEN,8:00,7:58,240,240,-2,8:12,14,0,0,0,0,0
UA,4/29/22,1643,N895UA,DEN,8:00,7:54,240,246,-6,8:14,20,0,0,0,0,0
UA,4/30/22,1643,N810UA,DEN,8:00,8:34,240,235,34,8:51,17,29,0,0,0,0
UA,5/1/22,1643,N816UA,DEN,8:00,8:13,240,250,13,8:33,20,13,0,10,0,0
UA,5/1/22,2234,N441UA,ORD,6:35,6:39,135,125,4,7:02,23,0,0,0,0,0
UA,5/2/22,1643,N465UA,DEN,8:00,7:53,240,250,-7,8:07,14,0,0,0,0,0
UA,5/3/22,1643,N871UA,DEN,8:00,7:58,240,257,-2,8:17,19,0,0,15,0,0
UA,5/4/22,1643,N423UA,DEN,8:00,7:55,240,227,-5,8:12,17,0,0,0,0,0
UA,5/5/22,1643,N896UA,DEN,8:00,7:54,240,238,-6,8:11,17,0,0,0,0,0
UA,5/6/22,1643,N819UA,DEN,8:10,8:00,240,230,-10,8:18,18,0,0,0,0,0
UA,5/7/22,1643,N853UA,DEN,8:10,8:05,240,233,-5,8:19,14,0,0,0,0,0
UA,5/7/22,2234,N73251,ORD,6:20,6:36,135,124,16,6:50,14,0,0,0,0,0
UA,5/8/22,1643,N821UA,DEN,8:10,8:08,240,238,-2,8:21,13,0,0,0,0,0
UA,5/8/22,2234,N76254,ORD,6:20,6:25,135,129,5,6:38,13,0,0,0,0,0
UA,5/9/22,1643,N4888U,DEN,8:10,8:02,240,232,-8,8:17,15,0,0,0,0,0
UA,5/9/22,2234,N26208,ORD,6:20,6:20,135,130,0,6:35,15,0,0,0,0,0
UA,5/10/22,1643,N845UA,DEN,8:10,8:19,240,224,9,8:34,15,0,0,0,0,0
UA,5/10/22,2234,N14214,ORD,6:20,20:29,135,116,849,20:39,10,830,0,0,0,0
UA,5/11/22,1643,N803UA,DEN,8:10,8:21,240,218,11,8:35,14,0,0,0,0,0
UA,5/11/22,2234,N18223,ORD,6:20,6:22,135,125,2,6:37,15,0,0,0,0,0
UA,5/12/22,1643,N833UA,DEN,8:10,8:04,240,215,-6,8:19,15,0,0,0,0,0
UA,5/12/22,2234,N33292,ORD,6:20,6:13,135,120,-7,6:27,14,0,0,0,0,0
UA,5/13/22,1643,N833UA,DEN,8:10,8:05,240,225,-5,8:19,14,0,0,0,0,0
UA,5/13/22,2234,N87512,ORD,6:20,6:20,135,116,0,6:38,18,0,0,0,0,0
UA,5/14/22,1643,N893UA,DEN,8:10,8:10,240,220,0,8:21,11,0,0,0,0,0
UA,5/14/22,2234,N37267,ORD,6:20,6:38,135,117,18,7:00,22,0,0,0,0,0
UA,5/15/22,1643,N837UA,DEN,8:10,8:05,240,246,-5,8:20,15,0,0,0,0,0
UA,5/15/22,2234,N37255,ORD,6:20,6:20,135,131,0,6:36,16,0,0,0,0,0
UA,5/16/22,1643,N468UA,DEN,8:10,8:03,240,239,-7,8:14,11,0,0,0,0,0
UA,5/16/22,2234,N78506,ORD,6:20,6:27,135,114,7,6:38,11,0,0,0,0,0
UA,5/17/22,1643,N820UA,DEN,8:10,10:32,240,234,142,10:46,14,136,0,0,0,0
UA,5/17/22,2234,N39450,ORD,6:20,7:40,135,130,80,7:52,12,75,0,0,0,0
UA,5/18/22,1643,N853UA,DEN,8:10,8:05,240,229,-5,8:19,14,0,0,0,0,0
UA,5/18/22,2234,N77518,ORD,6:20,6:55,135,134,35,7:14,19,34,0,0,0,0
UA,5/19/22,1643,N816UA,DEN,8:10,8:15,240,233,5,8:29,14,0,0,0,0,0
UA,5/19/22,2234,N78524,ORD,6:20,6:20,135,125,0,6:34,14,0,0,0,0,0
UA,5/20/22,1643,N462UA,DEN,8:10,8:00,240,228,-10,8:12,12,0,0,0,0,0
UA,5/20/22,2234,N73251,ORD,6:00,6:03,132,114,3,6:14,11,0,0,0,0,0
UA,5/21/22,1643,N816UA,DEN,8:10,8:50,240,218,40,9:02,12,18,0,0,0,0
UA,5/21/22,2234,N27205,ORD,6:20,6:48,135,122,28,7:01,13,15,0,0,0,0
UA,5/22/22,1643,N820UA,DEN,8:10,8:07,240,240,-3,8:23,16,0,0,0,0,0
UA,5/22/22,2234,N33289,ORD,6:20,6:20,135,115,0,6:32,12,0,0,0,0,0
UA,5/23/22,1643,N834UA,DEN,8:10,8:08,240,238,-2,8:21,13,0,0,0,0,0
UA,5/23/22,2234,N33262,ORD,6:20,6:24,135,128,4,6:38,14,0,0,0,0,0
UA,5/24/22,1643,N801UA,DEN,8:10,8:09,240,239,-1,8:23,14,0,0,0,0,0
UA,5/24/22,2234,N76519,ORD,6:20,6:20,135,151,0,6:55,35,0,0,16,0,0
UA,5/25/22,1643,N803UA,DEN,8:10,8:04,240,220,-6,8:18,14,0,0,0,0,0
UA,5/25/22,2234,N77518,ORD,6:20,6:16,135,127,-4,6:31,15,0,0,0,0,0
UA,5/26/22,1643,N835UA,DEN,8:10,8:01,240,232,-9,8:20,19,0,0,0,0,0
UA,5/26/22,2234,N27239,ORD,6:20,6:15,135,123,-5,6:38,23,0,0,0,0,0
UA,5/27/22,1643,N404UA,DEN,8:10,8:02,240,213,-8,8:14,12,0,0,0,0,0
UA,5/27/22,2234,N24224,ORD,6:20,6:24,135,129,4,6:38,14,0,0,0,0,0
UA,5/28/22,1643,N891UA,DEN,8:10,8:17,240,229,7,8:31,14,0,0,0,0,0
UA,5/28/22,2234,N12238,ORD,6:20,6:20,135,135,0,6:34,14,0,0,0,0,0
UA,5/29/22,1643,N417UA,DEN,8:10,8:05,240,228,-5,8:20,15,0,0,0,0,0
UA,5/29/22,2234,N12218,ORD,6:20,6:23,135,154,3,7:11,48,0,0,22,0,0
UA,5/30/22,1643,N835UA,DEN,8:10,8:53,240,227,43,9:08,15,30,0,0,0,0
UA,5/30/22,2234,N18223,ORD,6:05,6:04,132,109,-1,6:15,11,0,0,0,0,0
UA,5/31/22,1643,N872UA,DEN,8:10,8:09,240,230,-1,8:20,11,0,0,0,0,0
UA,5/31/22,2234,N68452,ORD,6:20,6:15,135,115,-5,6:28,13,0,0,0,0,0
UA,6/1/22,1643,N879UA,DEN,8:10,8:08,240,235,-2,8:21,13,0,0,0,0,0
UA,6/1/22,2234,N24212,ORD,6:20,6:11,135,106,-9,6:23,12,0,0,0,0,0
UA,6/2/22,1643,,DEN,8:10,0:00,240,0,0,0:00,0,0,0,0,0,0
UA,6/2/22,2234,N27722,ORD,6:20,6:20,135,118,0,6:35,15,0,0,0,0,0
UA,6/3/22,1643,N850UA,DEN,8:20,8:40,237,231,20,8:52,12,0,0,0,0,0
UA,6/3/22,2234,N38257,ORD,6:20,10:38,130,113,258,10:53,15,241,0,0,0,0
UA,6/4/22,1643,N829UA,DEN,8:20,8:20,237,241,0,8:34,14,0,0,0,0,0
UA,6/4/22,2234,N418UA,ORD,6:20,6:18,130,130,-2,6:34,16,0,0,0,0,0
UA,6/5/22,1643,N414UA,DEN,8:20,8:20,237,226,0,8:36,16,0,0,0,0,0
UA,6/5/22,2234,N815UA,ORD,6:20,6:13,130,145,-7,6:29,16,0,0,0,0,0
UA,6/6/22,1643,N801UA,DEN,8:20,8:08,237,227,-12,8:22,14,0,0,0,0,0
UA,6/6/22,2234,N448UA,ORD,6:20,6:17,130,118,-3,6:32,15,0,0,0,0,0
UA,6/7/22,1643,N853UA,DEN,8:20,8:17,237,233,-3,8:32,15,0,0,0,0,0
UA,6/7/22,2234,N457UA,ORD,6:20,6:12,130,128,-8,6:23,11,0,0,0,0,0
UA,6/8/22,1643,N876UA,DEN,8:20,8:17,237,244,-3,8:30,13,0,0,0,0,0
UA,6/8/22,2234,N410UA,ORD,6:20,6:12,130,131,-8,6:26,14,0,0,0,0,0
UA,6/9/22,1643,N881UA,DEN,8:20,8:19,237,231,-1,8:35,16,0,0,0,0,0
UA,6/9/22,2234,N445UA,ORD,6:20,8:56,130,127,156,9:14,18,0,0,153,0,0
UA,6/10/22,1643,N838UA,DEN,8:20,8:44,237,233,24,8:59,15,20,0,0,0,0
UA,6/10/22,2234,N483UA,ORD,6:20,6:12,130,117,-8,6:27,15,0,0,0,0,0
UA,6/11/22,1643,N871UA,DEN,8:20,8:15,237,230,-5,8:29,14,0,0,0,0,0
UA,6/11/22,2234,N435UA,ORD,6:20,6:12,130,128,-8,6:24,12,0,0,0,0,0
UA,6/12/22,1643,N12238,DEN,7:45,7:43,232,218,-2,7:59,16,0,0,0,0,0
UA,6/12/22,2234,N839UA,ORD,6:20,8:19,130,131,119,8:35,16,119,0,1,0,0
UA,6/13/22,1643,N833UA,DEN,8:20,8:11,237,224,-9,8:23,12,0,0,0,0,0
UA,6/13/22,2234,N446UA,ORD,6:20,6:15,130,148,-5,6:27,12,0,0,0,0,0
UA,6/14/22,1643,N810UA,DEN,8:20,8:40,237,228,20,9:01,21,0,0,0,0,0
UA,6/14/22,2234,N449UA,ORD,6:20,6:27,130,116,7,6:40,13,0,0,0,0,0
UA,6/15/22,1643,N810UA,DEN,8:20,8:15,237,228,-5,8:27,12,0,0,0,0,0
UA,6/15/22,2234,N483UA,ORD,6:20,6:16,130,120,-4,6:28,12,0,0,0,0,0
UA,6/16/22,1643,N822UA,DEN,8:20,8:18,237,230,-2,8:34,16,0,0,0,0,0
UA,6/16/22,2234,N413UA,ORD,6:20,6:16,130,121,-4,6:30,14,0,0,0,0,0
UA,6/17/22,1643,N828UA,DEN,8:20,9:06,237,219,46,9:21,15,28,0,0,0,0
UA,6/17/22,2234,N464UA,ORD,6:20,6:27,130,123,7,6:46,19,0,0,0,0,0
UA,6/18/22,1643,N890UA,DEN,8:20,8:49,237,216,29,9:04,15,0,0,0,0,0
UA,6/18/22,2234,N462UA,ORD,6:20,6:42,130,150,22,7:17,35,22,0,20,0,0
UA,6/19/22,1643,N879UA,DEN,8:20,8:15,237,235,-5,8:28,13,0,0,0,0,0
UA,6/19/22,2234,N824UA,ORD,6:20,6:33,130,118,13,6:44,11,0,0,0,0,0
UA,6/20/22,1643,N875UA,DEN,8:20,8:15,237,214,-5,8:27,12,0,0,0,0,0
UA,6/20/22,2234,N448UA,ORD,6:20,6:24,130,116,4,6:37,13,0,0,0,0,0
UA,6/21/22,1643,N825UA,DEN,8:20,8:56,237,224,36,9:28,32,23,0,0,0,0
UA,6/21/22,2234,N463UA,ORD,6:20,6:26,130,111,6,6:38,12,0,0,0,0,0
UA,6/22/22,1643,N879UA,DEN,8:20,8:24,237,221,4,8:34,10,0,0,0,0,0
UA,6/22/22,2234,N424UA,ORD,6:20,6:19,130,114,-1,6:34,15,0,0,0,0,0
UA,6/23/22,1643,N812UA,DEN,8:20,8:15,237,230,-5,8:32,17,0,0,0,0,0
UA,6/23/22,2234,N456UA,ORD,6:20,6:28,130,129,8,6:43,15,0,0,0,0,0
UA,6/24/22,1259,N54711,ORD,10:41,10:40,138,111,-1,10:51,11,0,0,0,0,0
UA,6/24/22,1643,N806UA,DEN,8:24,8:22,226,223,-2,8:39,17,0,0,0,0,0
UA,6/24/22,2234,N455UA,ORD,6:45,6:40,128,128,-5,7:01,21,0,0,0,0,0
UA,6/25/22,1643,N808UA,DEN,8:24,8:35,226,231,11,8:54,19,11,0,5,0,0
UA,6/25/22,2234,N413UA,ORD,6:45,6:40,128,112,-5,6:54,14,0,0,0,0,0
UA,6/26/22,1643,N4888U,DEN,8:24,8:20,226,233,-4,8:33,13,0,0,0,0,0
UA,6/26/22,2234,N461UA,ORD,6:45,6:43,128,119,-2,6:54,11,0,0,0,0,0
UA,6/27/22,1643,N846UA,DEN,8:24,8:25,226,225,1,8:39,14,0,0,0,0,0
UA,6/27/22,2234,N802UA,ORD,6:45,6:43,128,117,-2,6:57,14,0,0,0,0,0
UA,6/28/22,1643,N892UA,DEN,8:24,8:26,226,236,2,8:49,23,0,0,0,0,0
UA,6/28/22,2234,N489UA,ORD,6:45,6:46,128,125,1,7:07,21,0,0,0,0,0
UA,6/29/22,1643,,DEN,8:24,0:00,226,0,0,0:00,0,0,0,0,0,0
UA,6/29/22,2234,N424UA,ORD,6:45,6:43,128,123,-2,6:58,15,0,0,0,0,0
UA,6/30/22,1643,N844UA,DEN,8:24,8:24,226,212,0,8:37,13,0,0,0,0,0
UA,6/30/22,2234,N441UA,ORD,6:45,6:53,128,113,8,7:06,13,0,0,0,0,0
UA,7/1/22,1643,N466UA,DEN,7:55,7:54,226,215,-1,8:07,13,0,0,0,0,0
UA,7/1/22,2234,N479UA,ORD,6:45,6:36,128,121,-9,6:49,13,0,0,0,0,0
UA,7/2/22,1643,N845UA,DEN,7:55,7:50,226,217,-5,8:07,17,0,0,0,0,0
UA,7/2/22,2234,N407UA,ORD,6:45,6:45,128,126,0,6:54,9,0,0,0,0,0
UA,7/3/22,1643,N853UA,DEN,7:55,7:58,226,225,3,8:12,14,0,0,0,0,0
UA,7/3/22,2234,N417UA,ORD,6:45,6:45,128,120,0,6:58,13,0,0,0,0,0
UA,7/4/22,1643,N852UA,DEN,7:55,7:47,226,217,-8,8:03,16,0,0,0,0,0
UA,7/4/22,2234,N451UA,ORD,6:45,6:37,128,117,-8,6:49,12,0,0,0,0,0
UA,7/5/22,1643,N828UA,DEN,7:55,7:44,226,212,-11,7:58,14,0,0,0,0,0
UA,7/5/22,2234,N485UA,ORD,6:45,6:47,128,134,2,6:58,11,0,0,0,0,0
UA,7/6/22,1643,N831UA,DEN,7:55,8:27,226,211,32,8:43,16,17,0,0,0,0
UA,7/6/22,2234,N464UA,ORD,6:45,6:41,128,133,-4,6:54,13,0,0,0,0,0
UA,7/7/22,1643,N816UA,DEN,7:55,9:08,226,208,73,9:21,13,55,0,0,0,0
UA,7/7/22,2234,N467UA,ORD,6:45,6:39,128,127,-6,6:56,17,0,0,0,0,0
UA,7/8/22,1643,N440UA,DEN,7:55,7:50,226,220,-5,8:14,24,0,0,0,0,0
UA,7/8/22,2234,N416UA,ORD,6:45,6:34,128,128,-11,6:47,13,0,0,0,0,0
UA,7/9/22,1643,N838UA,DEN,7:55,8:15,226,231,20,8:29,14,20,0,5,0,0
UA,7/9/22,2234,N454UA,ORD,6:45,6:40,128,130,-5,6:57,17,0,0,0,0,0
UA,7/10/22,1643,N852UA,DEN,7:55,7:50,226,213,-5,8:07,17,0,0,0,0,0
UA,7/10/22,2234,N489UA,ORD,6:45,6:44,128,134,-1,7:13,29,0,0,0,0,0
UA,7/11/22,1643,N815UA,DEN,7:55,7:53,226,223,-2,8:09,16,0,0,0,0,0
UA,7/11/22,2234,N854UA,ORD,6:45,6:40,128,136,-5,6:53,13,0,0,0,0,0
UA,7/12/22,1643,N872UA,DEN,7:55,7:58,226,227,3,8:13,15,0,0,0,0,0
UA,7/12/22,2234,N460UA,ORD,6:45,6:41,128,118,-4,6:56,15,0,0,0,0,0
UA,7/13/22,1643,N899UA,DEN,7:55,7:50,226,220,-5,8:03,13,0,0,0,0,0
UA,7/13/22,2234,N436UA,ORD,6:45,6:45,128,119,0,7:00,15,0,0,0,0,0
UA,7/14/22,1643,N831UA,DEN,7:55,7:49,226,211,-6,8:03,14,0,0,0,0,0
UA,7/14/22,2234,N425UA,ORD,6:45,6:38,128,133,-7,7:01,23,0,0,0,0,0
UA,7/15/22,1643,N893UA,DEN,7:55,7:57,226,227,2,8:11,14,0,0,0,0,0
UA,7/15/22,2234,N410UA,ORD,6:45,9:31,128,141,166,9:47,16,0,0,179,0,0
UA,7/16/22,1643,N486UA,DEN,7:55,7:45,226,214,-10,7:58,13,0,0,0,0,0
UA,7/16/22,2234,N471UA,ORD,6:45,6:40,128,129,-5,6:51,11,0,0,0,0,0
UA,7/17/22,1643,N874UA,DEN,7:55,8:29,226,231,34,8:42,13,34,0,5,0,0
UA,7/17/22,2234,N414UA,ORD,6:45,6:43,128,142,-2,6:56,13,0,0,0,0,0
UA,7/18/22,1643,N834UA,DEN,7:55,7:45,226,215,-10,7:57,12,0,0,0,0,0
UA,7/18/22,2234,N825UA,ORD,6:45,6:38,128,112,-7,6:51,13,0,0,0,0,0
UA,7/19/22,1643,N836UA,DEN,7:55,10:59,226,251,184,11:55,56,184,0,25,0,0
UA,7/19/22,2234,N454UA,ORD,6:45,7:34,128,102,49,7:45,11,23,0,0,0,0
UA,7/20/22,1643,N4888U,DEN,7:55,7:47,226,218,-8,8:01,14,0,0,0,0,0
UA,7/20/22,2234,N436UA,ORD,6:45,6:44,128,126,-1,7:04,20,0,0,0,0,0
UA,7/21/22,1643,N442UA,DEN,7:55,8:45,226,222,50,9:00,15,46,0,0,0,0
UA,7/21/22,2234,N462UA,ORD,6:45,6:40,128,120,-5,6:53,13,0,0,0,0,0
UA,7/22/22,1643,N873UA,DEN,7:55,8:17,226,222,22,8:30,13,18,0,0,0,0
UA,7/22/22,2234,N485UA,ORD,6:45,6:54,128,116,9,7:06,12,0,0,0,0,0
UA,7/23/22,1643,N837UA,DEN,7:55,9:16,226,228,81,9:32,16,81,0,2,0,0
UA,7/23/22,2234,N479UA,ORD,6:45,10:04,128,236,199,10:19,15,0,0,307,0,0
UA,7/24/22,1643,N878UA,DEN,7:55,7:57,226,219,2,8:13,16,0,0,0,0,0
UA,7/24/22,2234,N459UA,ORD,6:45,6:55,128,270,10,8:27,92,10,0,142,0,0
UA,7/25/22,1643,N405UA,DEN,7:55,7:47,226,231,-8,7:59,12,0,0,0,0,0
UA,7/25/22,2234,,ORD,6:45,0:00,128,0,0,0:00,0,0,0,0,0,0
UA,7/26/22,1643,N815UA,DEN,7:55,8:20,226,238,25,8:33,13,25,0,12,0,0
UA,7/26/22,2234,N408UA,ORD,6:45,6:46,128,140,1,7:05,19,0,0,0,0,0
UA,7/27/22,1643,N837UA,DEN,7:55,7:58,226,236,3,8:21,23,0,0,0,0,0
UA,7/27/22,2234,N440UA,ORD,6:45,7:07,128,118,22,7:21,14,0,0,0,0,0
UA,7/28/22,1643,N812UA,DEN,7:55,8:00,226,233,5,8:13,13,0,0,0,0,0
UA,7/28/22,2234,N495UA,ORD,6:45,6:46,128,117,1,7:02,16,0,0,0,0,0
UA,7/29/22,1643,N454UA,DEN,7:55,7:52,226,270,-3,8:35,43,0,0,41,0,0
UA,7/29/22,2234,N462UA,ORD,6:45,6:35,128,126,-10,6:56,21,0,0,0,0,0
UA,7/30/22,1643,N812UA,DEN,7:55,7:49,226,232,-6,8:12,23,0,0,0,0,0
UA,7/30/22,2234,N481UA,ORD,6:45,6:41,128,135,-4,7:14,33,0,0,0,0,0
UA,7/31/22,1643,N846UA,DEN,7:55,7:49,226,228,-6,8:04,15,0,0,0,0,0
UA,7/31/22,2234,N428UA,ORD,6:45,6:44,128,109,-1,6:57,13,0,0,0,0,0
UA,8/1/22,1643,N831UA,DEN,7:50,7:46,226,216,-4,8:01,15,0,0,0,0,0
UA,8/1/22,2234,N824UA,ORD,6:45,6:38,128,119,-7,6:56,18,0,0,0,0,0
UA,8/2/22,1643,N811UA,DEN,8:00,7:53,226,239,-7,8:04,11,0,0,0,0,0
UA,8/2/22,2234,N464UA,ORD,6:45,6:41,128,131,-4,6:59,18,0,0,0,0,0
UA,8/3/22,1643,N873UA,DEN,8:00,8:00,226,235,0,8:16,16,0,0,0,0,0
UA,8/3/22,2234,N457UA,ORD,6:45,6:34,128,123,-11,6:49,15,0,0,0,0,0
UA,8/4/22,1643,N460UA,DEN,8:00,7:59,226,219,-1,8:17,18,0,0,0,0,0
UA,8/4/22,2234,N436UA,ORD,6:45,6:41,128,116,-4,6:57,16,0,0,0,0,0
UA,8/5/22,1643,N423UA,DEN,8:00,8:09,226,218,9,8:26,17,0,0,0,0,0
UA,8/5/22,2234,N417UA,ORD,6:45,6:50,128,123,5,7:02,12,0,0,0,0,0
UA,8/6/22,1643,N873UA,DEN,8:00,8:04,226,208,4,8:16,12,0,0,0,0,0
UA,8/6/22,2234,N408UA,ORD,6:45,6:40,128,112,-5,6:51,11,0,0,0,0,0
UA,8/7/22,1643,N873UA,DEN,8:00,7:59,226,205,-1,8:18,19,0,0,0,0,0
UA,8/7/22,2234,N444UA,ORD,6:45,6:57,128,111,12,7:13,16,0,0,0,0,0
UA,8/8/22,1643,N852UA,DEN,8:00,7:59,226,204,-1,8:14,15,0,0,0,0,0
UA,8/8/22,2234,N853UA,ORD,6:45,6:41,128,120,-4,6:57,16,0,0,0,0,0
UA,8/9/22,1643,N809UA,DEN,8:00,10:00,226,202,120,10:14,14,96,0,0,0,0
UA,8/9/22,2234,N467UA,ORD,6:45,6:37,128,129,-8,6:48,11,0,0,0,0,0
UA,8/10/22,1643,N896UA,DEN,8:00,7:58,226,204,-2,8:12,14,0,0,0,0,0
UA,8/10/22,2234,N408UA,ORD,6:45,6:42,128,112,-3,6:53,11,0,0,0,0,0
UA,8/11/22,1643,N420UA,DEN,8:00,8:09,226,213,9,8:24,15,0,0,0,0,0
UA,8/11/22,2234,N475UA,ORD,6:45,7:00,128,124,15,7:15,15,0,0,0,0,0
UA,8/12/22,1643,N844UA,DEN,8:00,7:56,226,223,-4,8:11,15,0,0,0,0,0
UA,8/12/22,2234,N446UA,ORD,6:45,6:36,128,133,-9,6:55,19,0,0,0,0,0
UA,8/13/22,1643,N838UA,DEN,8:00,7:50,226,240,-10,8:03,13,0,0,0,0,0
UA,8/13/22,2234,N421UA,ORD,6:45,6:37,128,116,-8,6:53,16,0,0,0,0,0
UA,8/14/22,1643,N839UA,DEN,8:00,7:56,226,207,-4,8:07,11,0,0,0,0,0
UA,8/14/22,2234,N409UA,ORD,6:45,6:38,128,137,-7,6:53,15,0,0,0,0,0
UA,8/15/22,1643,N874UA,DEN,8:00,7:56,226,243,-4,8:14,18,0,0,0,0,0
UA,8/15/22,2234,N406UA,ORD,6:45,6:41,128,135,-4,6:53,12,0,0,0,0,0
UA,8/16/22,1643,N813UA,DEN,8:00,8:02,226,237,2,8:15,13,0,0,0,0,0
UA,8/16/22,2234,N467UA,ORD,6:45,6:34,128,132,-11,6:49,15,0,0,0,0,0
UA,8/17/22,1643,N806UA,DEN,8:00,7:49,226,234,-11,8:05,16,0,0,0,0,0
UA,8/17/22,2234,N402UA,ORD,6:45,6:36,128,134,-9,6:54,18,0,0,0,0,0
UA,8/18/22,1643,N851UA,DEN,8:00,7:53,226,219,-7,8:06,13,0,0,0,0,0
UA,8/18/22,2234,N467UA,ORD,6:45,6:37,128,129,-8,6:57,20,0,0,0,0,0
UA,8/19/22,1643,N831UA,DEN,8:00,7:59,226,220,-1,8:13,14,0,0,0,0,0
UA,8/19/22,2234,N435UA,ORD,6:45,6:43,128,0,-2,0:00,0,0,0,0,0,0
UA,8/20/22,1643,N823UA,DEN,8:00,7:52,226,238,-8,8:06,14,0,0,0,0,0
UA,8/20/22,2234,N442UA,ORD,6:45,6:38,128,120,-7,6:53,15,0,0,0,0,0
UA,8/21/22,1643,N831UA,DEN,8:00,8:08,226,221,8,8:20,12,0,0,0,0,0
UA,8/21/22,2234,N489UA,ORD,6:45,9:38,128,121,173,9:53,15,166,0,0,0,0
UA,8/22/22,1643,,DEN,8:00,0:00,226,0,0,0:00,0,0,0,0,0,0
UA,8/22/22,2234,N819UA,ORD,6:45,6:49,128,113,4,7:01,12,0,0,0,0,0
UA,8/23/22,1643,N418UA,DEN,8:00,10:34,226,208,154,10:48,14,136,0,0,0,0
UA,8/23/22,2234,N429UA,ORD,6:45,6:40,128,120,-5,6:54,14,0,0,0,0,0
UA,8/24/22,1643,N823UA,DEN,8:00,7:58,226,235,-2,8:13,15,0,0,0,0,0
UA,8/24/22,2234,N448UA,ORD,6:45,6:36,128,114,-9,6:51,15,0,0,0,0,0
UA,8/25/22,1643,N823UA,DEN,8:00,8:00,226,224,0,8:14,14,0,0,0,0,0
UA,8/25/22,2234,N475UA,ORD,6:45,6:38,128,113,-7,6:51,13,0,0,0,0,0
UA,8/26/22,1643,N881UA,DEN,8:00,7:47,226,217,-13,8:00,13,0,0,0,0,0
UA,8/26/22,2234,N458UA,ORD,6:45,6:39,128,126,-6,6:49,10,0,0,0,0,0
UA,8/27/22,1643,N899UA,DEN,8:00,7:56,226,220,-4,8:08,12,0,0,0,0,0
UA,8/27/22,2234,N420UA,ORD,6:45,6:36,128,133,-9,6:52,16,0,0,0,0,0
UA,8/28/22,1643,N899UA,DEN,8:00,7:51,226,235,-9,8:03,12,0,0,0,0,0
UA,8/28/22,2234,N420UA,ORD,6:45,6:37,128,111,-8,6:49,12,0,0,0,0,0
UA,8/29/22,1643,N810UA,DEN,8:00,8:11,226,217,11,8:28,17,0,0,0,0,0
UA,8/29/22,2234,N827UA,ORD,6:45,6:33,128,114,-12,6:45,12,0,0,0,0,0
UA,8/30/22,1643,N897UA,DEN,8:00,7:59,226,222,-1,8:13,14,0,0,0,0,0
UA,8/30/22,2234,N438UA,ORD,6:45,6:40,128,110,-5,6:53,13,0,0,0,0,0
UA,8/31/22,1643,N879UA,DEN,8:00,7:56,226,240,-4,8:11,15,0,0,0,0,0
UA,8/31/22,2234,N496UA,ORD,6:45,6:40,128,114,-5,6:51,11,0,0,0,0,0
UA,9/1/22,1643,N824UA,DEN,8:37,8:42,226,218,5,8:54,12,0,0,0,0,0
UA,9/1/22,2234,N445UA,ORD,6:45,6:55,128,114,10,7:11,16,0,0,0,0,0
UA,9/2/22,1643,N855UA,DEN,8:37,8:24,226,228,-13,8:42,18,0,0,0,0,0
UA,9/2/22,2234,N478UA,ORD,6:45,6:41,128,116,-4,6:52,11,0,0,0,0,0
UA,9/3/22,1643,N838UA,DEN,8:37,8:57,226,211,20,9:10,13,0,0,0,0,0
UA,9/3/22,2234,N478UA,ORD,6:45,6:39,128,119,-6,6:57,18,0,0,0,0,0
UA,9/4/22,1643,N878UA,DEN,8:37,8:25,226,218,-12,8:45,20,0,0,0,0,0
UA,9/4/22,2234,N408UA,ORD,6:45,6:35,128,120,-10,6:45,10,0,0,0,0,0
UA,9/5/22,1643,N896UA,DEN,8:37,8:36,226,211,-1,8:50,14,0,0,0,0,0
UA,9/5/22,2234,N822UA,ORD,6:45,6:40,128,133,-5,6:52,12,0,0,0,0,0
UA,9/6/22,377,N839UA,DEN,16:08,16:14,234,227,6,16:28,14,0,0,0,0,0
UA,9/6/22,1643,N37464,DEN,8:30,8:20,237,229,-10,8:35,15,0,0,0,0,0
UA,9/6/22,2234,N494UA,ORD,6:55,6:48,128,126,-7,7:04,16,0,0,0,0,0
UA,9/7/22,377,N809UA,DEN,16:08,16:07,234,208,-1,16:19,12,0,0,0,0,0
UA,9/7/22,1643,N807UA,DEN,8:30,8:26,237,212,-4,8:39,13,0,0,0,0,0
UA,9/8/22,377,N897UA,DEN,16:08,16:15,234,224,7,16:29,14,0,0,0,0,0
UA,9/8/22,1643,N801UA,DEN,8:30,8:20,237,215,-10,8:34,14,0,0,0,0,0
UA,9/9/22,377,N830UA,DEN,16:08,15:59,234,237,-9,16:11,12,0,0,0,0,0
UA,9/9/22,1643,N851UA,DEN,8:30,8:33,237,216,3,8:47,14,0,0,0,0,0
UA,9/10/22,377,N808UA,DEN,16:08,16:19,234,222,11,16:28,9,0,0,0,0,0
UA,9/10/22,1643,N833UA,DEN,8:30,8:23,237,235,-7,8:39,16,0,0,0,0,0
UA,9/11/22,377,N472UA,DEN,16:08,16:10,234,229,2,16:22,12,0,0,0,0,0
UA,9/11/22,1643,N853UA,DEN,8:30,8:19,237,234,-11,8:37,18,0,0,0,0,0
UA,9/12/22,377,N844UA,DEN,16:08,16:05,234,224,-3,16:17,12,0,0,0,0,0
UA,9/12/22,1643,N871UA,DEN,8:30,8:27,237,231,-3,8:42,15,0,0,0,0,0
UA,9/13/22,377,N871UA,DEN,16:08,16:05,234,229,-3,16:18,13,0,0,0,0,0
UA,9/13/22,1643,N484UA,DEN,8:30,12:54,237,221,264,13:14,20,0,0,1,0,247
UA,9/14/22,377,N829UA,DEN,16:08,16:06,234,246,-2,16:20,14,0,0,0,0,0
UA,9/14/22,1643,N853UA,DEN,8:30,8:29,237,211,-1,8:41,12,0,0,0,0,0
UA,9/15/22,377,N820UA,DEN,16:08,16:23,234,223,15,16:34,11,0,0,0,0,0
UA,9/15/22,1643,N807UA,DEN,8:30,8:25,237,229,-5,8:40,15,0,0,0,0,0
UA,9/16/22,377,N896UA,DEN,16:08,16:07,234,226,-1,16:20,13,0,0,0,0,0
UA,9/16/22,1643,N893UA,DEN,8:30,8:26,237,229,-4,8:38,12,0,0,0,0,0
UA,9/17/22,377,N824UA,DEN,16:08,15:59,234,238,-9,16:10,11,0,0,0,0,0
UA,9/17/22,1643,N837UA,DEN,8:30,8:21,237,231,-9,8:34,13,0,0,0,0,0
UA,9/18/22,377,N824UA,DEN,16:08,16:12,234,227,4,16:22,10,0,0,0,0,0
UA,9/18/22,1643,N830UA,DEN,8:30,8:24,237,241,-6,8:50,26,0,0,0,0,0
UA,9/19/22,377,N842UA,DEN,16:08,16:15,234,251,7,16:34,19,7,0,17,0,0
UA,9/19/22,1643,N879UA,DEN,8:30,8:28,237,228,-2,8:43,15,0,0,0,0,0
UA,9/20/22,377,N896UA,DEN,16:08,16:05,234,227,-3,16:18,13,0,0,0,0,0
UA,9/20/22,1643,N836UA,DEN,8:30,8:40,237,225,10,8:54,14,0,0,0,0,0
UA,9/21/22,377,N898UA,DEN,16:08,16:13,234,238,5,16:27,14,0,0,0,0,0
UA,9/21/22,1643,N879UA,DEN,8:30,8:19,237,234,-11,8:32,13,0,0,0,0,0
UA,9/22/22,377,N847UA,DEN,16:08,16:27,234,243,19,16:54,27,13,0,9,0,6
UA,9/22/22,1643,N823UA,DEN,8:30,8:24,237,241,-6,8:37,13,0,0,0,0,0
UA,9/23/22,377,N420UA,DEN,16:08,16:10,234,245,2,16:26,16,0,0,0,0,0
UA,9/23/22,1643,N808UA,DEN,8:30,8:23,237,244,-7,8:37,14,0,0,0,0,0
UA,9/24/22,377,N846UA,DEN,16:08,16:01,234,241,-7,16:12,11,0,0,0,0,0
UA,9/24/22,1643,N897UA,DEN,8:30,8:28,237,242,-2,8:41,13,0,0,0,0,0
UA,9/25/22,377,N835UA,DEN,16:08,18:05,234,265,117,18:35,30,0,117,31,0,0
UA,9/25/22,1643,N845UA,DEN,8:30,8:26,237,240,-4,8:43,17,0,0,0,0,0
UA,9/26/22,377,N846UA,DEN,16:08,17:03,234,220,55,17:15,12,41,0,0,0,0
UA,9/26/22,1643,N829UA,DEN,8:30,8:28,237,239,-2,8:40,12,0,0,0,0,0
UA,9/27/22,377,N807UA,DEN,16:08,16:10,234,238,2,16:23,13,0,0,0,0,0
UA,9/27/22,1643,N829UA,DEN,8:30,8:28,237,241,-2,8:41,13,0,0,0,0,0
UA,9/28/22,377,N801UA,DEN,16:08,16:04,234,233,-4,16:20,16,0,0,0,0,0
UA,9/28/22,1643,N875UA,DEN,8:30,8:24,237,235,-6,8:42,18,0,0,0,0,0
UA,9/29/22,377,N898UA,DEN,16:08,16:04,234,221,-4,16:20,16,0,0,0,0,0
UA,9/29/22,1643,N851UA,DEN,8:30,8:23,237,238,-7,8:51,28,0,0,0,0,0
UA,9/30/22,588,N835UA,DEN,16:05,16:01,237,308,-4,16:14,13,0,0,67,0,0
UA,9/30/22,1438,N816UA,IAH,8:41,8:36,187,175,-5,8:49,13,0,0,0,0,0
UA,9/30/22,1643,N69829,DEN,8:20,8:17,236,228,-3,8:35,18,0,0,0,0,0
UA,9/30/22,2137,N441UA,ORD,6:45,6:41,129,137,-4,7:05,24,0,0,0,0,0
UA,10/1/22,588,N412UA,DEN,16:05,15:54,237,291,-11,17:03,69,0,0,43,0,0
UA,10/1/22,1438,N891UA,IAH,8:41,9:27,187,170,46,9:39,12,29,0,0,0,0
UA,10/1/22,1550,N401UA,ORD,6:56,6:55,129,130,-1,7:14,19,0,0,0,0,0
UA,10/1/22,1941,N491UA,DEN,8:00,7:56,236,215,-4,8:10,14,0,0,0,0,0
UA,10/2/22,588,N832UA,DEN,16:05,16:09,237,213,4,16:20,11,0,0,0,0,0
UA,10/2/22,1550,N408UA,ORD,6:56,7:08,129,118,12,7:18,10,0,0,0,0,0
UA,10/3/22,588,N806UA,DEN,16:05,16:02,237,234,-3,16:18,16,0,0,0,0,0
UA,10/3/22,1550,N422UA,ORD,6:56,7:00,129,125,4,7:18,18,0,0,0,0,0
UA,10/4/22,588,N835UA,DEN,16:05,16:26,237,214,21,16:37,11,0,0,0,0,0
UA,10/4/22,1550,N4901U,ORD,6:56,6:57,129,107,1,7:09,12,0,0,0,0,0
UA,10/5/22,588,N806UA,DEN,16:05,16:21,237,218,16,16:34,13,0,0,0,0,0
UA,10/5/22,1550,N445UA,ORD,6:56,6:55,129,114,-1,7:11,16,0,0,0,0,0
UA,10/6/22,588,N835UA,DEN,16:05,16:05,237,231,0,16:22,17,0,0,0,0,0
UA,10/6/22,1550,N434UA,ORD,6:56,6:51,129,112,-5,7:02,11,0,0,0,0,0
UA,10/7/22,588,N835UA,DEN,16:05,16:30,237,241,25,16:43,13,7,0,4,0,18
UA,10/7/22,1550,N425UA,ORD,6:56,6:48,129,134,-8,7:02,14,0,0,0,0,0
UA,10/8/22,588,N832UA,DEN,16:05,16:29,237,221,24,16:46,17,0,0,0,0,0
UA,10/8/22,1550,N495UA,ORD,6:56,6:51,129,123,-5,7:06,15,0,0,0,0,0
UA,10/9/22,588,N832UA,DEN,16:05,16:02,237,231,-3,16:13,11,0,0,0,0,0
UA,10/9/22,1550,N402UA,ORD,6:56,7:37,129,117,41,7:52,15,29,0,0,0,0
UA,10/10/22,588,N829UA,DEN,16:05,16:14,237,227,9,16:28,14,0,0,0,0,0
UA,10/10/22,1550,N472UA,ORD,6:56,6:48,129,125,-8,7:01,13,0,0,0,0,0
UA,10/11/22,588,N832UA,DEN,16:05,16:03,237,242,-2,16:14,11,0,0,0,0,0
UA,10/11/22,1550,N443UA,ORD,6:56,6:51,129,118,-5,7:05,14,0,0,0,0,0
UA,10/12/22,588,N878UA,DEN,16:05,15:51,237,263,-14,16:18,27,0,0,0,0,0
UA,10/12/22,1550,N438UA,ORD,6:56,6:59,129,118,3,7:11,12,0,0,0,0,0
UA,10/13/22,588,N871UA,DEN,16:05,16:02,237,234,-3,16:15,13,0,0,0,0,0
UA,10/13/22,1550,N473UA,ORD,6:56,6:58,129,124,2,7:10,12,0,0,0,0,0
UA,10/14/22,588,N851UA,DEN,16:05,16:06,237,238,1,16:18,12,0,0,0,0,0
UA,10/14/22,1550,N427UA,ORD,6:56,6:47,129,119,-9,7:02,15,0,0,0,0,0
UA,10/15/22,588,N898UA,DEN,16:05,16:04,237,237,-1,16:16,12,0,0,0,0,0
UA,10/15/22,1550,N416UA,ORD,6:56,6:47,129,135,-9,7:01,14,0,0,0,0,0
UA,10/16/22,588,N439UA,DEN,16:05,16:08,237,243,3,16:22,14,0,0,0,0,0
UA,10/16/22,1550,N495UA,ORD,6:56,7:43,129,128,47,7:54,11,46,0,0,0,0
UA,10/17/22,588,N801UA,DEN,16:05,16:01,237,228,-4,16:13,12,0,0,0,0,0
UA,10/17/22,1550,N430UA,ORD,6:56,6:55,129,127,-1,7:09,14,0,0,0,0,0
UA,10/18/22,588,N830UA,DEN,16:05,17:30,237,224,85,17:43,13,9,0,0,0,63
UA,10/18/22,1550,N479UA,ORD,6:56,7:10,129,119,14,7:23,13,0,0,0,0,0
UA,10/19/22,588,N893UA,DEN,16:05,16:18,237,224,13,16:30,12,0,0,0,0,0
UA,10/19/22,1550,N424UA,ORD,6:56,6:56,129,114,0,7:08,12,0,0,0,0,0
UA,10/20/22,588,N4888U,DEN,16:05,16:49,237,206,44,16:59,10,0,0,0,0,0
UA,10/20/22,1550,N409UA,ORD,6:56,6:52,129,122,-4,7:07,15,0,0,0,0,0
UA,10/21/22,588,N835UA,DEN,16:05,16:01,237,216,-4,16:11,10,0,0,0,0,0
UA,10/21/22,1550,N416UA,ORD,6:56,6:50,129,121,-6,7:03,13,0,0,0,0,0
UA,10/22/22,588,N831UA,DEN,16:05,16:04,237,220,-1,16:16,12,0,0,0,0,0
UA,10/22/22,1550,N411UA,ORD,6:56,6:52,129,123,-4,7:03,11,0,0,0,0,0
UA,10/23/22,588,N873UA,DEN,16:05,17:30,237,245,85,17:46,16,35,0,8,0,50
UA,10/23/22,1550,N455UA,ORD,6:56,6:56,129,124,0,7:09,13,0,0,0,0,0
UA,10/24/22,588,N843UA,DEN,16:05,16:12,237,218,7,16:24,12,0,0,0,0,0
UA,10/24/22,1550,N426UA,ORD,6:56,6:55,129,131,-1,7:15,20,0,0,0,0,0
UA,10/25/22,588,N823UA,DEN,16:05,16:51,237,220,46,17:03,12,18,0,0,0,11
UA,10/25/22,1550,N411UA,ORD,6:56,14:22,129,127,446,14:37,15,0,0,0,0,444
UA,10/26/22,588,N825UA,DEN,16:05,16:17,237,231,12,16:26,9,0,0,0,0,0
UA,10/26/22,1550,N4901U,ORD,6:56,7:01,129,121,5,7:15,14,0,0,0,0,0
UA,10/27/22,588,N804UA,DEN,16:05,16:36,237,232,31,16:49,13,4,0,0,0,22
UA,10/27/22,1550,N465UA,ORD,6:56,6:54,129,120,-2,7:08,14,0,0,0,0,0
UA,10/28/22,588,N852UA,DEN,16:05,16:05,237,223,0,16:20,15,0,0,0,0,0
UA,10/28/22,1550,N422UA,ORD,6:56,6:49,129,128,-7,7:03,14,0,0,0,0,0
UA,10/29/22,588,N825UA,DEN,16:05,16:01,237,231,-4,16:13,12,0,0,0,0,0
UA,10/29/22,1550,N436UA,ORD,6:56,6:57,129,119,1,7:19,22,0,0,0,0,0
UA,10/30/22,1183,N836UA,DEN,15:54,15:58,250,235,4,16:13,15,0,0,0,0,0
UA,10/30/22,2234,N483UA,ORD,6:35,6:35,141,133,0,6:52,17,0,0,0,0,0
UA,10/31/22,1183,N822UA,DEN,15:54,15:53,250,232,-1,16:07,14,0,0,0,0,0
UA,10/31/22,1732,N488UA,IAH,8:30,8:32,201,190,2,8:45,13,0,0,0,0,0
UA,10/31/22,2234,N422UA,ORD,6:35,6:44,141,134,9,6:58,14,0,0,0,0,0
UA,11/1/22,1183,N447UA,DEN,15:54,15:52,250,243,-2,16:05,13,0,0,0,0,0
UA,11/1/22,1732,N894UA,IAH,8:45,8:38,201,214,-7,8:57,19,0,0,0,0,0
UA,11/1/22,2234,N477UA,ORD,6:35,6:54,141,120,19,7:07,13,0,0,0,0,0
UA,11/2/22,1183,N838UA,DEN,15:54,15:52,250,225,-2,16:08,16,0,0,0,0,0
UA,11/2/22,1732,N851UA,IAH,8:45,8:47,201,197,2,9:03,16,0,0,0,0,0
UA,11/2/22,2234,N463UA,ORD,6:35,6:34,141,116,-1,6:48,14,0,0,0,0,0
UA,11/3/22,1183,N896UA,DEN,15:54,15:49,250,264,-5,16:08,19,0,0,0,0,0
UA,11/3/22,1732,N489UA,IAH,8:45,8:40,201,191,-5,8:53,13,0,0,0,0,0
UA,11/3/22,2234,N425UA,ORD,6:35,6:31,141,117,-4,6:42,11,0,0,0,0,0
UA,11/4/22,1183,N409UA,DEN,15:54,16:14,250,235,20,16:32,18,0,0,0,0,0
UA,11/4/22,1732,N13227,IAH,8:30,8:33,201,197,3,8:53,20,0,0,0,0,0
UA,11/4/22,2234,N443UA,ORD,6:35,6:32,141,138,-3,6:49,17,0,0,0,0,0
UA,11/5/22,1183,N844UA,DEN,15:54,15:50,250,256,-4,16:07,17,0,0,0,0,0
UA,11/5/22,1732,N68817,IAH,8:30,8:42,201,196,12,8:54,12,0,0,0,0,0
UA,11/5/22,2234,N493UA,ORD,6:35,6:34,141,137,-1,6:49,15,0,0,0,0,0
UA,11/6/22,1183,N469UA,DEN,15:54,15:54,250,248,0,16:06,12,0,0,0,0,0
UA,11/6/22,1732,N461UA,IAH,8:45,8:43,201,199,-2,9:10,27,0,0,0,0,0
UA,11/6/22,2234,N458UA,ORD,6:35,6:39,141,130,4,6:51,12,0,0,0,0,0
UA,11/7/22,1183,N813UA,DEN,15:54,15:49,250,223,-5,16:01,12,0,0,0,0,0
UA,11/7/22,1732,N897UA,IAH,8:30,8:20,201,188,-10,8:35,15,0,0,0,0,0
UA,11/7/22,2234,N451UA,ORD,6:35,6:38,141,120,3,6:52,14,0,0,0,0,0
UA,11/8/22,1183,N898UA,DEN,15:54,16:05,250,235,11,16:18,13,0,0,0,0,0
UA,11/8/22,1732,N808UA,IAH,8:30,12:51,201,170,261,13:03,12,17,0,0,0,213
UA,11/8/22,2234,N495UA,ORD,6:35,6:34,141,122,-1,6:47,13,0,0,0,0,0
UA,11/9/22,1183,N853UA,DEN,15:54,16:25,250,220,31,16:37,12,0,0,0,0,0
UA,11/9/22,1732,N897UA,IAH,8:30,8:14,201,185,-16,8:31,17,0,0,0,0,0
UA,11/9/22,2234,N483UA,ORD,6:35,6:29,141,131,-6,6:48,19,0,0,0,0,0
UA,11/10/22,1183,N411UA,DEN,15:54,15:43,250,222,-11,15:56,13,0,0,0,0,0
UA,11/10/22,1732,N848UA,IAH,8:30,8:28,201,189,-2,8:40,12,0,0,0,0,0
UA,11/10/22,2234,N484UA,ORD,6:35,6:32,141,120,-3,6:47,15,0,0,0,0,0
UA,11/11/22,1183,N837UA,DEN,15:54,16:53,250,210,59,17:03,10,0,0,11,0,8
UA,11/11/22,1732,N14214,IAH,8:30,8:34,201,181,4,8:51,17,0,0,0,0,0
UA,11/11/22,2234,N496UA,ORD,6:35,6:54,141,107,19,7:04,10,0,0,0,0,0
UA,11/12/22,1183,N491UA,DEN,15:54,15:55,250,242,1,16:13,18,0,0,0,0,0
UA,11/12/22,1732,N77258,IAH,8:30,8:24,201,185,-6,8:36,12,0,0,0,0,0
UA,11/12/22,2234,N412UA,ORD,6:35,6:23,141,143,-12,6:34,11,0,0,0,0,0
UA,11/13/22,1183,N461UA,DEN,15:54,15:52,250,241,-2,16:07,15,0,0,0,0,0
UA,11/13/22,1732,N889UA,IAH,8:30,8:27,201,191,-3,8:42,15,0,0,0,0,0
UA,11/13/22,2234,N479UA,ORD,6:35,6:30,141,122,-5,6:43,13,0,0,0,0,0
UA,11/14/22,1183,N874UA,DEN,15:54,15:49,250,243,-5,16:01,12,0,0,0,0,0
UA,11/14/22,1732,N889UA,IAH,8:30,8:20,201,206,-10,8:32,12,0,0,0,0,0
UA,11/14/22,2234,N455UA,ORD,6:35,6:31,141,116,-4,6:45,14,0,0,0,0,0
UA,11/15/22,1183,N849UA,DEN,15:54,16:07,250,243,13,16:22,15,0,0,0,0,0
UA,11/15/22,1732,N822UA,IAH,8:30,8:34,201,208,4,8:53,19,0,0,0,0,0
UA,11/15/22,2234,N464UA,ORD,6:35,6:30,141,162,-5,7:19,49,0,0,16,0,0
UA,11/16/22,1183,N814UA,DEN,15:54,15:51,250,243,-3,16:07,16,0,0,0,0,0
UA,11/16/22,1732,N822UA,IAH,8:30,8:21,201,213,-9,8:34,13,0,0,0,0,0
UA,11/16/22,2234,N440UA,ORD,6:35,6:24,141,153,-11,7:04,40,0,0,0,0,0
UA,11/17/22,1183,N850UA,DEN,15:54,16:12,250,267,18,16:31,19,14,0,17,0,4
UA,11/17/22,1732,N822UA,IAH,8:30,8:21,201,228,-9,8:35,14,0,0,18,0,0
UA,11/17/22,2234,N408UA,ORD,6:35,6:31,141,128,-4,6:45,14,0,0,0,0,0
UA,11/18/22,1183,N807UA,DEN,15:54,15:52,250,248,-2,16:05,13,0,0,0,0,0
UA,11/18/22,1732,N18223,IAH,8:30,8:30,201,220,0,8:57,27,0,0,19,0,0
UA,11/18/22,2234,N417UA,ORD,6:35,6:31,141,134,-4,6:53,22,0,0,0,0,0
UA,11/19/22,1183,N855UA,DEN,15:54,15:54,250,248,0,16:06,12,0,0,0,0,0
UA,11/19/22,1732,N38454,IAH,8:30,8:27,201,224,-3,8:42,15,0,0,20,0,0
UA,11/19/22,2234,N403UA,ORD,6:35,6:28,141,132,-7,6:39,11,0,0,0,0,0
UA,11/20/22,1183,N880UA,DEN,15:54,15:47,250,242,-7,16:00,13,0,0,0,0,0
UA,11/20/22,1732,N825UA,IAH,8:30,8:27,201,209,-3,8:47,20,0,0,0,0,0
UA,11/21/22,1183,N892UA,DEN,15:54,15:44,250,235,-10,15:58,14,0,0,0,0,0
UA,11/21/22,1732,N883UA,IAH,8:30,9:03,201,190,33,9:15,12,22,0,0,0,0
UA,11/21/22,2234,N440UA,ORD,6:35,6:31,141,137,-4,7:04,33,0,0,0,0,0
UA,11/22/22,1183,N835UA,DEN,15:54,15:49,250,236,-5,16:00,11,0,0,0,0,0
UA,11/22/22,1732,N895UA,IAH,8:30,8:28,201,198,-2,8:44,16,0,0,0,0,0
UA,11/22/22,2234,N467UA,ORD,6:35,6:45,141,114,10,6:57,12,0,0,0,0,0
UA,11/23/22,1183,N842UA,DEN,15:54,15:47,250,238,-7,16:01,14,0,0,0,0,0
UA,11/23/22,1732,N824UA,IAH,8:30,8:29,201,206,-1,8:51,22,0,0,0,0,0
UA,11/23/22,2234,N427UA,ORD,6:35,6:30,141,139,-5,6:47,17,0,0,0,0,0
UA,11/24/22,1732,N4888U,IAH,8:30,8:27,201,210,-3,8:44,17,0,0,0,0,0
UA,11/24/22,2234,N462UA,ORD,6:35,6:41,141,118,6,6:53,12,0,0,0,0,0
UA,11/25/22,1183,N874UA,DEN,15:54,16:04,250,246,10,16:22,18,0,0,0,0,0
UA,11/25/22,1643,N4901U,DEN,8:00,8:09,252,234,9,8:27,18,0,0,0,0,0
UA,11/25/22,1732,N14240,IAH,8:30,8:36,201,221,6,9:03,27,6,0,20,0,0
UA,11/25/22,2234,N494UA,ORD,6:35,6:36,141,131,1,6:54,18,0,0,0,0,0
UA,11/26/22,1081,N497UA,ORD,22:20,22:15,141,115,-5,22:31,16,0,0,0,0,0
UA,11/26/22,1183,N833UA,DEN,15:54,15:53,250,235,-1,16:05,12,0,0,0,0,0
UA,11/26/22,1732,N14237,IAH,8:30,8:43,201,201,13,9:00,17,0,0,0,0,0
UA,11/26/22,2234,N464UA,ORD,6:35,6:49,141,115,14,7:02,13,0,0,0,0,0
UA,11/27/22,1081,N461UA,ORD,22:20,22:16,141,131,-4,22:36,20,0,0,0,0,0
UA,11/27/22,1183,N430UA,DEN,15:54,16:05,250,231,11,16:19,14,0,0,0,0,0
UA,11/27/22,1732,N842UA,IAH,8:30,8:30,201,196,0,8:45,15,0,0,0,0,0
UA,11/27/22,2234,N497UA,ORD,6:35,6:26,141,135,-9,6:42,16,0,0,0,0,0
UA,11/28/22,1183,N804UA,DEN,15:54,15:59,250,246,5,16:18,19,0,0,0,0,0
UA,11/28/22,1732,N871UA,IAH,8:30,8:17,201,202,-13,8:30,13,0,0,0,0,0
UA,11/28/22,2234,N461UA,ORD,6:35,6:28,141,118,-7,6:44,16,0,0,0,0,0
UA,11/29/22,1183,N401UA,DEN,15:54,15:55,250,245,1,16:06,11,0,0,0,0,0
UA,11/29/22,1732,N871UA,IAH,8:30,8:32,201,192,2,8:50,18,0,0,0,0,0
UA,11/29/22,2234,N496UA,ORD,6:35,6:46,141,134,11,7:00,14,0,0,0,0,0
UA,11/30/22,1183,N484UA,DEN,15:54,15:50,250,249,-4,16:03,13,0,0,0,0,0
UA,11/30/22,1643,N853UA,DEN,8:01,7:56,252,256,-5,8:14,18,0,0,0,0,0
UA,11/30/22,1732,N459UA,IAH,8:45,8:40,201,206,-5,8:53,13,0,0,0,0,0
UA,11/30/22,2234,N453UA,ORD,6:35,6:34,141,139,-1,6:49,15,0,0,0,0,0
UA,12/1/22,1183,N826UA,DEN,15:54,16:02,250,241,8,16:17,15,0,0,0,0,0
UA,12/1/22,1643,N855UA,DEN,8:01,8:03,252,240,2,8:16,13,0,0,0,0,0
UA,12/1/22,1732,N808UA,IAH,8:30,8:25,201,208,-5,8:49,24,0,0,0,0,0
UA,12/1/22,2234,N37510,ORD,6:40,6:39,141,137,-1,6:52,13,0,0,0,0,0
UA,12/2/22,1183,N840UA,DEN,15:54,16:27,250,254,33,16:38,11,33,0,4,0,0
UA,12/2/22,1643,N835UA,DEN,8:01,8:02,252,254,1,8:29,27,0,0,0,0,0
UA,12/2/22,1732,N79521,IAH,8:30,8:39,201,188,9,8:53,14,0,0,0,0,0
UA,12/2/22,2234,N428UA,ORD,6:35,6:32,141,147,-3,7:01,29,0,0,0,0,0
UA,12/3/22,1183,N890UA,DEN,15:54,15:50,250,251,-4,16:00,10,0,0,0,0,0
UA,12/3/22,1643,N807UA,DEN,8:01,7:56,252,265,-5,8:07,11,0,0,0,0,0
UA,12/3/22,1732,N14230,IAH,8:30,8:28,201,185,-2,8:41,13,0,0,0,0,0
UA,12/3/22,2234,N430UA,ORD,6:40,6:30,141,130,-10,6:43,13,0,0,0,0,0
UA,12/4/22,1183,N841UA,DEN,15:54,16:10,250,241,16,16:22,12,0,0,0,0,0
UA,12/4/22,1643,N801UA,DEN,8:01,7:58,252,242,-3,8:13,15,0,0,0,0,0
UA,12/4/22,1732,N811UA,IAH,8:30,8:30,201,183,0,8:41,11,0,0,0,0,0
UA,12/4/22,2234,N415UA,ORD,6:40,6:32,141,160,-8,6:48,16,0,0,0,0,0
UA,12/5/22,1183,N809UA,DEN,15:54,15:55,250,248,1,16:06,11,0,0,0,0,0
UA,12/5/22,1643,N874UA,DEN,8:01,8:01,252,248,0,8:30,29,0,0,0,0,0
UA,12/5/22,1732,N815UA,IAH,8:30,8:31,201,197,1,8:57,26,0,0,0,0,0
UA,12/5/22,2234,N441UA,ORD,6:40,6:39,141,138,-1,7:03,24,0,0,0,0,0
UA,12/6/22,1183,N809UA,DEN,15:54,16:10,250,236,16,16:24,14,0,0,0,0,0
UA,12/6/22,1643,N819UA,DEN,8:01,8:01,252,253,0,8:18,17,0,0,0,0,0
UA,12/6/22,1732,N854UA,IAH,8:30,8:25,201,187,-5,8:39,14,0,0,0,0,0
UA,12/6/22,2234,N497UA,ORD,6:40,6:32,141,141,-8,6:43,11,0,0,0,0,0
UA,12/7/22,1183,N898UA,DEN,15:54,15:49,250,254,-5,16:05,16,0,0,0,0,0
UA,12/7/22,1643,N846UA,DEN,8:01,7:56,252,253,-5,8:08,12,0,0,0,0,0
UA,12/7/22,1732,N835UA,IAH,8:30,8:26,201,195,-4,8:49,23,0,0,0,0,0
UA,12/7/22,2234,N402UA,ORD,6:40,6:31,141,141,-9,6:45,14,0,0,0,0,0
UA,12/8/22,1183,N809UA,DEN,15:54,15:48,250,272,-6,16:05,17,0,0,16,0,0
UA,12/8/22,1643,N469UA,DEN,8:01,7:54,252,265,-7,8:17,23,0,0,0,0,0
UA,12/8/22,1732,N815UA,IAH,8:30,8:38,201,184,8,8:53,15,0,0,0,0,0
UA,12/8/22,2234,N493UA,ORD,6:40,6:37,141,144,-3,6:58,21,0,0,0,0,0
UA,12/9/22,1183,N844UA,DEN,15:54,15:47,250,258,-7,16:05,18,0,0,0,0,0
UA,12/9/22,1643,N848UA,DEN,8:01,7:57,252,262,-4,8:15,18,0,0,0,0,0
UA,12/9/22,1732,N72405,IAH,8:30,8:31,201,187,1,8:48,17,0,0,0,0,0
UA,12/9/22,2234,N415UA,ORD,6:40,6:35,141,138,-5,6:51,16,0,0,0,0,0
UA,12/10/22,1183,N890UA,DEN,15:54,15:54,250,258,0,16:08,14,0,0,0,0,0
UA,12/10/22,1643,N882UA,DEN,8:01,8:21,252,247,20,8:36,15,15,0,0,0,0
UA,12/10/22,1732,N18223,IAH,8:30,8:54,201,191,24,9:10,16,0,0,0,0,0
UA,12/10/22,2234,N468UA,ORD,6:40,7:04,141,132,24,7:16,12,15,0,0,0,0
UA,12/11/22,1183,N803UA,DEN,15:54,16:24,250,249,30,16:40,16,24,0,0,0,5
UA,12/11/22,1643,N882UA,DEN,8:01,8:02,252,281,1,8:26,24,0,0,30,0,0
UA,12/11/22,1732,N845UA,IAH,8:30,8:25,201,217,-5,8:37,12,0,0,0,0,0
UA,12/11/22,2234,N494UA,ORD,6:40,6:32,141,129,-8,6:44,12,0,0,0,0,0
UA,12/12/22,1183,N846UA,DEN,15:54,15:53,250,239,-1,16:09,16,0,0,0,0,0
UA,12/12/22,1643,N880UA,DEN,8:01,8:45,252,228,44,8:58,13,20,0,0,0,0
UA,12/12/22,1732,N877UA,IAH,8:30,8:52,201,197,22,9:06,14,18,0,0,0,0
UA,12/12/22,2234,N441UA,ORD,6:40,6:37,141,140,-3,6:55,18,0,0,0,0,0
UA,12/13/22,1183,N844UA,DEN,15:54,16:50,250,243,56,17:05,15,14,0,0,0,35
UA,12/13/22,1643,N826UA,DEN,8:01,7:57,252,264,-4,8:16,19,0,0,0,0,0
UA,12/13/22,1732,N811UA,IAH,8:30,8:25,201,200,-5,8:41,16,0,0,0,0,0
UA,12/13/22,2234,N438UA,ORD,6:40,6:33,141,136,-7,6:46,13,0,0,0,0,0
UA,12/14/22,1183,N855UA,DEN,15:54,15:49,250,247,-5,16:04,15,0,0,0,0,0
UA,12/14/22,1643,N826UA,DEN,8:01,8:00,252,249,-1,8:17,17,0,0,0,0,0
UA,12/14/22,1732,N818UA,IAH,8:30,8:56,201,218,26,9:27,31,26,0,17,0,0
UA,12/14/22,2234,N405UA,ORD,6:40,6:40,141,186,0,7:44,64,0,0,45,0,0
UA,12/15/22,319,N848UA,IAH,6:00,6:08,209,196,8,6:21,13,0,0,0,0,0
UA,12/15/22,343,N76265,ORD,6:40,6:56,140,117,16,7:16,20,0,0,0,0,0
UA,12/15/22,1183,N439UA,DEN,15:52,16:06,258,236,14,16:24,18,0,0,0,0,0
UA,12/15/22,1643,N872UA,DEN,8:00,7:58,262,228,-2,8:10,12,0,0,0,0,0
UA,12/16/22,319,N24706,IAH,6:00,5:59,209,217,-1,6:15,16,0,0,0,0,0
UA,12/16/22,343,N408UA,ORD,6:40,6:38,140,128,-2,6:53,15,0,0,0,0,0
UA,12/16/22,1183,N489UA,DEN,15:52,16:17,258,248,25,16:44,27,15,0,0,0,0
UA,12/16/22,1643,N823UA,DEN,8:00,7:53,262,263,-7,8:09,16,0,0,0,0,0
UA,12/17/22,319,N54711,IAH,6:00,5:59,209,231,-1,6:37,38,0,0,21,0,0
UA,12/17/22,343,N461UA,ORD,6:40,7:16,140,139,36,7:32,16,35,0,0,0,0
UA,12/17/22,1183,N496UA,DEN,15:52,16:22,258,235,30,16:35,13,0,0,0,0,0
UA,12/17/22,1643,N804UA,DEN,8:00,8:18,262,250,18,8:32,14,0,0,0,0,0
UA,12/18/22,319,N13718,IAH,6:00,6:14,209,208,14,6:41,27,0,0,0,0,0
UA,12/18/22,343,N494UA,ORD,6:40,7:22,140,165,42,8:07,45,42,0,25,0,0
UA,12/18/22,1183,N462UA,DEN,15:52,18:11,258,233,139,18:26,15,114,0,0,0,0
UA,12/18/22,1643,N890UA,DEN,8:00,8:40,262,270,40,9:14,34,40,0,8,0,0
UA,12/19/22,319,N14704,IAH,6:00,5:54,209,212,-6,6:12,18,0,0,0,0,0
UA,12/19/22,343,N486UA,ORD,6:40,6:47,140,128,7,7:01,14,0,0,0,0,0
UA,12/19/22,1183,N459UA,DEN,15:52,16:16,258,234,24,16:27,11,0,0,0,0,0
UA,12/19/22,1643,N823UA,DEN,8:00,7:51,262,263,-9,8:17,26,0,0,0,0,0
UA,12/20/22,319,N27724,IAH,6:00,6:00,209,244,0,6:50,50,0,0,35,0,0
UA,12/20/22,343,N477UA,ORD,6:40,6:38,140,133,-2,7:06,28,0,0,0,0,0
UA,12/20/22,1183,N474UA,DEN,15:52,16:21,258,244,29,16:32,11,15,0,0,0,0
UA,12/20/22,1643,N459UA,DEN,8:00,7:53,262,248,-7,8:09,16,0,0,0,0,0
UA,12/21/22,319,N16709,IAH,6:00,5:58,209,204,-2,6:25,27,0,0,0,0,0
UA,12/21/22,343,N422UA,ORD,6:40,7:25,140,151,45,7:52,27,45,0,11,0,0
UA,12/21/22,1183,N469UA,DEN,15:52,16:21,258,250,29,16:33,12,15,0,0,0,6
UA,12/21/22,1643,N807UA,DEN,8:00,8:13,262,263,13,8:34,21,0,0,0,0,0
UA,12/22/22,319,N24715,IAH,6:00,5:53,209,200,-7,6:06,13,0,0,0,0,0
UA,12/22/22,343,N423UA,ORD,6:40,6:36,140,126,-4,6:50,14,0,0,0,0,0
UA,12/22/22,1183,N426UA,DEN,15:52,18:05,258,294,133,18:16,11,42,0,36,0,91
UA,12/22/22,1643,N815UA,DEN,8:00,7:52,262,282,-8,8:06,14,0,0,0,0,0
UA,12/23/22,319,N27724,IAH,6:00,5:55,209,218,-5,6:11,16,0,0,0,0,0
UA,12/23/22,343,N403UA,ORD,6:40,6:36,140,200,-4,6:53,17,0,0,56,0,0
UA,12/23/22,1183,N443UA,DEN,15:52,16:21,258,233,29,16:35,14,0,0,0,0,0
UA,12/23/22,1643,,DEN,8:00,0:00,262,0,0,0:00,0,0,0,0,0,0
UA,12/24/22,319,N27724,IAH,6:00,6:08,209,202,8,6:20,12,0,0,0,0,0
UA,12/24/22,343,,ORD,6:40,0:00,140,0,0,0:00,0,0,0,0,0,0
UA,12/24/22,1183,N844UA,DEN,15:52,17:14,258,269,82,17:24,10,42,0,11,0,40
UA,12/24/22,1643,N822UA,DEN,8:00,15:01,262,242,421,15:20,19,401,0,0,0,0
UA,12/25/22,319,N14704,IAH,6:00,5:57,209,192,-3,6:10,13,0,0,0,0,0
UA,12/25/22,1183,N461UA,DEN,15:52,17:46,258,260,114,18:23,37,31,0,2,0,83
UA,12/25/22,1643,N849UA,DEN,8:00,7:50,262,256,-10,8:02,12,0,0,0,0,0
UA,12/26/22,319,N13716,IAH,6:00,6:05,209,191,5,6:19,14,0,0,0,0,0
UA,12/26/22,343,N441UA,ORD,6:40,6:53,140,148,13,7:28,35,13,0,8,0,0
UA,12/26/22,1183,N421UA,DEN,15:52,17:04,258,219,72,17:16,12,10,0,0,0,23
UA,12/26/22,1643,N828UA,DEN,8:00,9:04,262,293,64,10:27,83,64,0,31,0,0
UA,12/27/22,319,N17719,IAH,6:00,5:56,209,174,-4,6:08,12,0,0,0,0,0
UA,12/27/22,343,N491UA,ORD,6:40,6:36,140,118,-4,6:49,13,0,0,0,0,0
UA,12/27/22,1183,N462UA,DEN,15:52,16:11,258,226,19,16:22,11,0,0,0,0,0
UA,12/27/22,1643,N818UA,DEN,8:00,7:57,262,228,-3,8:10,13,0,0,0,0,0
UA,12/28/22,319,N27722,IAH,6:00,6:03,209,165,3,6:15,12,0,0,0,0,0
UA,12/28/22,343,N440UA,ORD,6:40,6:42,140,126,2,7:03,21,0,0,0,0,0
UA,12/28/22,1183,N495UA,DEN,15:52,15:55,258,233,3,16:05,10,0,0,0,0,0
UA,12/28/22,1643,N840UA,DEN,8:00,8:59,262,212,59,9:14,15,0,0,0,0,0
UA,12/29/22,319,N27722,IAH,6:00,6:09,209,178,9,6:19,10,0,0,0,0,0
UA,12/29/22,343,N438UA,ORD,6:40,6:55,140,117,15,7:07,12,0,0,0,0,0
UA,12/29/22,1183,N429UA,DEN,15:52,16:06,258,235,14,16:15,9,0,0,0,0,0
UA,12/29/22,1643,N828UA,DEN,8:00,7:56,262,259,-4,8:18,22,0,0,0,0,0
UA,12/30/22,319,N27722,IAH,6:00,6:44,209,192,44,7:00,16,27,0,0,0,0
UA,12/30/22,343,N426UA,ORD,6:40,6:58,140,119,18,7:11,13,0,0,0,0,0
UA,12/30/22,1183,N455UA,DEN,15:52,15:54,258,256,2,16:05,11,0,0,0,0,0
UA,12/30/22,1643,N852UA,DEN,8:00,8:00,262,232,0,8:11,11,0,0,0,0,0
UA,12/31/22,319,N24729,IAH,6:00,5:59,209,205,-1,6:17,18,0,0,0,0,0
UA,12/31/22,343,N464UA,ORD,6:40,6:50,140,119,10,7:10,20,0,0,0,0,0
UA,12/31/22,1183,N804UA,DEN,15:52,16:46,258,239,54,17:07,21,10,0,0,0,25
UA,12/31/22,1643,N817UA,DEN,8:00,7:56,262,248,-4,8:14,18,0,0,0,0,0
,,,,,,,,,,,,,,,,
SOURCE: Bureau of Transportation Statistics,,,,,,,,,,,,,,,,